"","Country","City, state, or province","Start","End","Fuel Type","Fuel Subtype","Description","Sources and more info","Sources 2","Sources 3","Notes","Category"
"1","United Kingdom","Sussex",2018-01-01,2020-01-01,"Oil","Crude","--","http://www.aegon.com/en/Home/About/Contact/Aegon-Global-Operations/","http://www.accessstrategies.org/","--","--","Subsidy Removal"
"2","--","--",NA,NA,"--","--","--","--","--","--","--","Subsidy Removal"
"3","--","--",NA,NA,"--","--","--","--","--","--","--","Subsidy Removal"
"4","--","--",NA,NA,"--","--","--","--","--","--","--","Subsidy Removal"
"5","--","--",NA,NA,"--","--","--","--","--","--","--","Subsidy Removal"
"6","--","--",NA,NA,"--","--","--","--","--","--","--","Subsidy Removal"
"7","--","--",NA,NA,"--","--","--","--","--","--","--","Subsidy Removal"
"8","--","--",NA,NA,"--","--","--","--","--","--","--","Subsidy Removal"
"9","--","--",NA,NA,"--","--","--","--","--","--","--","Subsidy Removal"
"10","--","--",NA,NA,"--","--","--","--","--","--","--","Subsidy Removal"
"11","--","--",NA,NA,"--","--","--","--","--","--","--","Subsidy Removal"
"12","--","--",NA,NA,"--","--","--","--","--","--","--","Subsidy Removal"
"13","--","--",NA,NA,"--","--","--","--","--","--","--","Subsidy Removal"
"14","--","--",NA,NA,"--","--","--","--","--","--","--","Subsidy Removal"
"15","--","--",NA,NA,"--","--","--","--","--","--","--","Subsidy Removal"
"16","--","--",NA,NA,"--","--","--","--","--","--","--","Subsidy Removal"
"17","--","--",NA,NA,"--","--","--","--","--","--","--","Subsidy Removal"
"18","--","--",NA,NA,"--","--","--","--","--","--","--","Subsidy Removal"
"19","--","--",NA,NA,"--","--","--","--","--","--","--","Subsidy Removal"
"20","--","--",NA,NA,"--","--","--","--","--","--","--","Subsidy Removal"
"21","--","--",NA,NA,"--","--","--","--","--","--","--","Subsidy Removal"
"22","--","--",NA,NA,"--","--","--","--","--","--","--","Subsidy Removal"
"23","--","--",NA,NA,"--","--","--","--","--","--","--","Subsidy Removal"
"24","--","--",NA,NA,"--","--","--","--","--","--","--","Subsidy Removal"
"25","--","--",NA,NA,"--","--","--","--","--","--","--","Subsidy Removal"
"26","--","--",NA,NA,"--","--","--","--","--","--","--","Subsidy Removal"
"27","--","--",NA,NA,"--","--","--","--","--","--","--","Subsidy Removal"
"28","--","--",NA,NA,"--","--","--","--","--","--","--","Subsidy Removal"
"29","--","--",NA,NA,"--","--","--","--","--","--","--","Subsidy Removal"
"30","--","--",NA,NA,"--","--","--","--","--","--","--","Subsidy Removal"
"31","--","--",NA,NA,"--","--","--","--","--","--","--","Subsidy Removal"
"32","--","--",NA,NA,"--","--","--","--","--","--","--","Subsidy Removal"
"33","--","--",NA,NA,"--","--","--","--","--","--","--","Subsidy Removal"
"34","--","--",NA,NA,"--","--","--","--","--","--","--","Subsidy Removal"
"35","--","--",NA,NA,"--","--","--","--","--","--","--","Subsidy Removal"
"36","--","--",NA,NA,"--","--","--","--","--","--","--","Subsidy Removal"
"37","--","--",NA,NA,"--","--","--","--","--","--","--","Subsidy Removal"
"38","--","--",NA,NA,"--","--","--","--","--","--","--","Subsidy Removal"
"39","--","--",NA,NA,"--","--","--","--","--","--","--","Subsidy Removal"
"40","--","--",NA,NA,"--","--","--","--","--","--","--","Subsidy Removal"
"41","--","--",NA,NA,"--","--","--","--","--","--","--","Subsidy Removal"
"42","--","--",NA,NA,"--","--","--","--","--","--","--","Subsidy Removal"
"43","--","--",NA,NA,"--","--","--","--","--","--","--","Subsidy Removal"
"44","--","--",NA,NA,"--","--","--","--","--","--","--","Subsidy Removal"
"45","--","--",NA,NA,"--","--","--","--","--","--","--","Subsidy Removal"
"46","--","--",NA,NA,"--","--","--","--","--","--","--","Subsidy Removal"
"47","--","--",NA,NA,"--","--","--","--","--","--","--","Subsidy Removal"
"48","--","--",NA,NA,"--","--","--","--","--","--","--","Subsidy Removal"
"49","--","--",NA,NA,"--","--","--","--","--","--","--","Subsidy Removal"
"50","--","--",NA,NA,"--","--","--","--","--","--","--","Subsidy Removal"
"51","--","--",NA,NA,"--","--","--","--","--","--","--","Subsidy Removal"
"52","--","--",NA,NA,"--","--","--","--","--","--","--","Subsidy Removal"
"53","--","--",NA,NA,"--","--","--","--","--","--","--","Subsidy Removal"
"54","--","--",NA,NA,"--","--","--","--","--","--","--","Subsidy Removal"
"55","--","--",NA,NA,"--","--","--","--","--","--","--","Subsidy Removal"
"56","--","--",NA,NA,"--","--","--","--","--","--","--","Subsidy Removal"
"57","--","--",NA,NA,"--","--","--","--","--","--","--","Subsidy Removal"
"58","--","--",NA,NA,"--","--","--","--","--","--","--","Subsidy Removal"
"59","--","--",NA,NA,"--","--","--","--","--","--","--","Subsidy Removal"
"60","--","--",NA,NA,"--","--","--","--","--","--","--","Subsidy Removal"
"61","--","--",NA,NA,"--","--","--","--","--","--","--","Subsidy Removal"
"62","--","--",NA,NA,"--","--","--","--","--","--","--","Subsidy Removal"
"63","--","--",NA,NA,"--","--","--","--","--","--","--","Subsidy Removal"
"64","--","--",NA,NA,"--","--","--","--","--","--","--","Subsidy Removal"
"65","--","--",NA,NA,"--","--","--","--","--","--","--","Subsidy Removal"
"66","--","--",NA,NA,"--","--","--","--","--","--","--","Subsidy Removal"
"67","--","--",NA,NA,"--","--","--","--","--","--","--","Subsidy Removal"
"68","--","--",NA,NA,"--","--","--","--","--","--","--","Subsidy Removal"
"69","--","--",NA,NA,"--","--","--","--","--","--","--","Subsidy Removal"
"70","--","--",NA,NA,"--","--","--","--","--","--","--","Subsidy Removal"
"71","--","--",NA,NA,"--","--","--","--","--","--","--","Subsidy Removal"
"72","--","--",NA,NA,"--","--","--","--","--","--","--","Subsidy Removal"
"73","--","--",NA,NA,"--","--","--","--","--","--","--","Subsidy Removal"
"74","--","--",NA,NA,"--","--","--","--","--","--","--","Subsidy Removal"
"75","--","--",NA,NA,"--","--","--","--","--","--","--","Subsidy Removal"
"76","--","--",NA,NA,"--","--","--","--","--","--","--","Subsidy Removal"
"77","--","--",NA,NA,"--","--","--","--","--","--","--","Subsidy Removal"
"78","--","--",NA,NA,"--","--","--","--","--","--","--","Subsidy Removal"
"79","--","--",NA,NA,"--","--","--","--","--","--","--","Subsidy Removal"
"80","--","--",NA,NA,"--","--","--","--","--","--","--","Subsidy Removal"
"81","--","--",NA,NA,"--","--","--","--","--","--","--","Subsidy Removal"
"82","--","--",NA,NA,"--","--","--","--","--","--","--","Subsidy Removal"
"83","--","--",NA,NA,"--","--","--","--","--","--","--","Subsidy Removal"
"84","--","--",NA,NA,"--","--","--","--","--","--","--","Subsidy Removal"
"85","--","--",NA,NA,"--","--","--","--","--","--","--","Subsidy Removal"
"86","--","--",NA,NA,"--","--","--","--","--","--","--","Subsidy Removal"
"87","--","--",NA,NA,"--","--","--","--","--","--","--","Subsidy Removal"
"88","--","--",NA,NA,"--","--","--","--","--","--","--","Subsidy Removal"
"89","--","--",NA,NA,"--","--","--","--","--","--","--","Subsidy Removal"
"90","--","--",NA,NA,"--","--","--","--","--","--","--","Subsidy Removal"
"91","--","--",NA,NA,"--","--","--","--","--","--","--","Subsidy Removal"
"92","--","--",NA,NA,"--","--","--","--","--","--","--","Subsidy Removal"
"93","--","--",NA,NA,"--","--","--","--","--","--","--","Subsidy Removal"
"94","--","--",NA,NA,"--","--","--","--","--","--","--","Subsidy Removal"
"95","--","--",NA,NA,"--","--","--","--","--","--","--","Subsidy Removal"
"96","--","--",NA,NA,"--","--","--","--","--","--","--","Subsidy Removal"
"97","--","--",NA,NA,"--","--","--","--","--","--","--","Subsidy Removal"
"98","--","--",NA,NA,"--","--","--","--","--","--","--","Subsidy Removal"
"99","--","--",NA,NA,"--","--","--","--","--","--","--","Subsidy Removal"
"100","--","--",NA,NA,"--","--","--","--","--","--","--","Subsidy Removal"
"101","--","--",NA,NA,"--","--","--","--","--","--","--","Subsidy Removal"
"102","--","--",NA,NA,"--","--","--","--","--","--","--","Subsidy Removal"
"103","--","--",NA,NA,"--","--","--","--","--","--","--","Subsidy Removal"
"104","--","--",NA,NA,"--","--","--","--","--","--","--","Subsidy Removal"
"105","--","--",NA,NA,"--","--","--","--","--","--","--","Subsidy Removal"
"106","--","--",NA,NA,"--","--","--","--","--","--","--","Subsidy Removal"
"107","--","--",NA,NA,"--","--","--","--","--","--","--","Subsidy Removal"
"108","--","--",NA,NA,"--","--","--","--","--","--","--","Subsidy Removal"
"109","--","--",NA,NA,"--","--","--","--","--","--","--","Subsidy Removal"
"110","--","--",NA,NA,"--","--","--","--","--","--","--","Subsidy Removal"
"111","--","--",NA,NA,"--","--","--","--","--","--","--","Subsidy Removal"
"112","--","--",NA,NA,"--","--","--","--","--","--","--","Subsidy Removal"
"113","--","--",NA,NA,"--","--","--","--","--","--","--","Subsidy Removal"
"114","--","--",NA,NA,"--","--","--","--","--","--","--","Subsidy Removal"
"115","--","--",NA,NA,"--","--","--","--","--","--","--","Subsidy Removal"
"116","--","--",NA,NA,"--","--","--","--","--","--","--","Subsidy Removal"
"117","--","--",NA,NA,"--","--","--","--","--","--","--","Subsidy Removal"
"118","--","--",NA,NA,"--","--","--","--","--","--","--","Subsidy Removal"
"119","--","--",NA,NA,"--","--","--","--","--","--","--","Subsidy Removal"
"120","--","--",NA,NA,"--","--","--","--","--","--","--","Subsidy Removal"
"121","--","--",NA,NA,"--","--","--","--","--","--","--","Subsidy Removal"
"122","--","--",NA,NA,"--","--","--","--","--","--","--","Subsidy Removal"
"123","--","--",NA,NA,"--","--","--","--","--","--","--","Subsidy Removal"
"124","--","--",NA,NA,"--","--","--","--","--","--","--","Subsidy Removal"
"125","--","--",NA,NA,"--","--","--","--","--","--","--","Subsidy Removal"
"126","--","--",NA,NA,"--","--","--","--","--","--","--","Subsidy Removal"
"127","--","--",NA,NA,"--","--","--","--","--","--","--","Subsidy Removal"
"128","--","--",NA,NA,"--","--","--","--","--","--","--","Subsidy Removal"
"129","--","--",NA,NA,"--","--","--","--","--","--","--","Subsidy Removal"
"130","--","--",NA,NA,"--","--","--","--","--","--","--","Subsidy Removal"
"131","--","--",NA,NA,"--","--","--","--","--","--","--","Subsidy Removal"
"132","--","--",NA,NA,"--","--","--","--","--","--","--","Subsidy Removal"
"133","--","--",NA,NA,"--","--","--","--","--","--","--","Subsidy Removal"
"134","--","--",NA,NA,"--","--","--","--","--","--","--","Subsidy Removal"
"135","--","--",NA,NA,"--","--","--","--","--","--","--","Subsidy Removal"
"136","--","--",NA,NA,"--","--","--","--","--","--","--","Subsidy Removal"
"137","--","--",NA,NA,"--","--","--","--","--","--","--","Subsidy Removal"
"138","--","--",NA,NA,"--","--","--","--","--","--","--","Subsidy Removal"
"139","--","--",NA,NA,"--","--","--","--","--","--","--","Subsidy Removal"
"140","--","--",NA,NA,"--","--","--","--","--","--","--","Subsidy Removal"
"141","--","--",NA,NA,"--","--","--","--","--","--","--","Subsidy Removal"
"142","--","--",NA,NA,"--","--","--","--","--","--","--","Subsidy Removal"
"143","--","--",NA,NA,"--","--","--","--","--","--","--","Subsidy Removal"
"144","--","--",NA,NA,"--","--","--","--","--","--","--","Subsidy Removal"
"145","--","--",NA,NA,"--","--","--","--","--","--","--","Subsidy Removal"
"146","--","--",NA,NA,"--","--","--","--","--","--","--","Subsidy Removal"
"147","--","--",NA,NA,"--","--","--","--","--","--","--","Subsidy Removal"
"148","--","--",NA,NA,"--","--","--","--","--","--","--","Subsidy Removal"
"149","--","--",NA,NA,"--","--","--","--","--","--","--","Subsidy Removal"
"150","--","--",NA,NA,"--","--","--","--","--","--","--","Subsidy Removal"
"151","--","--",NA,NA,"--","--","--","--","--","--","--","Subsidy Removal"
"152","--","--",NA,NA,"--","--","--","--","--","--","--","Subsidy Removal"
"153","--","--",NA,NA,"--","--","--","--","--","--","--","Subsidy Removal"
"154","--","--",NA,NA,"--","--","--","--","--","--","--","Subsidy Removal"
"155","--","--",NA,NA,"--","--","--","--","--","--","--","Subsidy Removal"
"156","--","--",NA,NA,"--","--","--","--","--","--","--","Subsidy Removal"
"157","--","--",NA,NA,"--","--","--","--","--","--","--","Subsidy Removal"
"158","--","--",NA,NA,"--","--","--","--","--","--","--","Subsidy Removal"
"159","--","--",NA,NA,"--","--","--","--","--","--","--","Subsidy Removal"
"160","--","--",NA,NA,"--","--","--","--","--","--","--","Subsidy Removal"
"161","--","--",NA,NA,"--","--","--","--","--","--","--","Subsidy Removal"
"162","--","--",NA,NA,"--","--","--","--","--","--","--","Subsidy Removal"
"163","--","--",NA,NA,"--","--","--","--","--","--","--","Subsidy Removal"
"164","--","--",NA,NA,"--","--","--","--","--","--","--","Subsidy Removal"
"165","--","--",NA,NA,"--","--","--","--","--","--","--","Subsidy Removal"
"166","--","--",NA,NA,"--","--","--","--","--","--","--","Subsidy Removal"
"167","--","--",NA,NA,"--","--","--","--","--","--","--","Subsidy Removal"
"168","--","--",NA,NA,"--","--","--","--","--","--","--","Subsidy Removal"
"169","--","--",NA,NA,"--","--","--","--","--","--","--","Subsidy Removal"
"170","--","--",NA,NA,"--","--","--","--","--","--","--","Subsidy Removal"
"171","--","--",NA,NA,"--","--","--","--","--","--","--","Subsidy Removal"
"172","--","--",NA,NA,"--","--","--","--","--","--","--","Subsidy Removal"
"173","--","--",NA,NA,"--","--","--","--","--","--","--","Subsidy Removal"
"174","--","--",NA,NA,"--","--","--","--","--","--","--","Subsidy Removal"
"175","--","--",NA,NA,"--","--","--","--","--","--","--","Subsidy Removal"
"176","--","--",NA,NA,"--","--","--","--","--","--","--","Subsidy Removal"
"177","--","--",NA,NA,"--","--","--","--","--","--","--","Subsidy Removal"
"178","--","--",NA,NA,"--","--","--","--","--","--","--","Subsidy Removal"
"179","--","--",NA,NA,"--","--","--","--","--","--","--","Subsidy Removal"
"180","--","--",NA,NA,"--","--","--","--","--","--","--","Subsidy Removal"
"181","--","--",NA,NA,"--","--","--","--","--","--","--","Subsidy Removal"
"182","--","--",NA,NA,"--","--","--","--","--","--","--","Subsidy Removal"
"183","--","--",NA,NA,"--","--","--","--","--","--","--","Subsidy Removal"
"184","--","--",NA,NA,"--","--","--","--","--","--","--","Subsidy Removal"
"185","--","--",NA,NA,"--","--","--","--","--","--","--","Subsidy Removal"
"186","--","--",NA,NA,"--","--","--","--","--","--","--","Subsidy Removal"
"187","--","--",NA,NA,"--","--","--","--","--","--","--","Subsidy Removal"
"188","--","--",NA,NA,"--","--","--","--","--","--","--","Subsidy Removal"
"189","--","--",NA,NA,"--","--","--","--","--","--","--","Subsidy Removal"
"190","--","--",NA,NA,"--","--","--","--","--","--","--","Subsidy Removal"
"191","--","--",NA,NA,"--","--","--","--","--","--","--","Subsidy Removal"
"192","--","--",NA,NA,"--","--","--","--","--","--","--","Subsidy Removal"
"193","--","--",NA,NA,"--","--","--","--","--","--","--","Subsidy Removal"
"194","--","--",NA,NA,"--","--","--","--","--","--","--","Subsidy Removal"
"195","--","--",NA,NA,"--","--","--","--","--","--","--","Subsidy Removal"
"196","--","--",NA,NA,"--","--","--","--","--","--","--","Subsidy Removal"
"197","--","--",NA,NA,"--","--","--","--","--","--","--","Subsidy Removal"
"198","--","--",NA,NA,"--","--","--","--","--","--","--","Subsidy Removal"
"199","--","--",NA,NA,"--","--","--","--","--","--","--","Subsidy Removal"
"200","--","--",NA,NA,"--","--","--","--","--","--","--","Subsidy Removal"
"201","--","--",NA,NA,"--","--","--","--","--","--","--","Subsidy Removal"
"202","--","--",NA,NA,"--","--","--","--","--","--","--","Subsidy Removal"
"203","--","--",NA,NA,"--","--","--","--","--","--","--","Subsidy Removal"
"204","--","--",NA,NA,"--","--","--","--","--","--","--","Subsidy Removal"
"205","--","--",NA,NA,"--","--","--","--","--","--","--","Subsidy Removal"
"206","--","--",NA,NA,"--","--","--","--","--","--","--","Subsidy Removal"
"207","--","--",NA,NA,"--","--","--","--","--","--","--","Subsidy Removal"
"208","--","--",NA,NA,"--","--","--","--","--","--","--","Subsidy Removal"
"209","--","--",NA,NA,"--","--","--","--","--","--","--","Subsidy Removal"
"210","--","--",NA,NA,"--","--","--","--","--","--","--","Subsidy Removal"
"211","--","--",NA,NA,"--","--","--","--","--","--","--","Subsidy Removal"
"212","--","--",NA,NA,"--","--","--","--","--","--","--","Subsidy Removal"
"213","--","--",NA,NA,"--","--","--","--","--","--","--","Subsidy Removal"
"214","--","--",NA,NA,"--","--","--","--","--","--","--","Subsidy Removal"
"215","--","--",NA,NA,"--","--","--","--","--","--","--","Subsidy Removal"
"216","--","--",NA,NA,"--","--","--","--","--","--","--","Subsidy Removal"
"217","--","--",NA,NA,"--","--","--","--","--","--","--","Subsidy Removal"
"218","--","--",NA,NA,"--","--","--","--","--","--","--","Subsidy Removal"
"219","--","--",NA,NA,"--","--","--","--","--","--","--","Subsidy Removal"
"220","--","--",NA,NA,"--","--","--","--","--","--","--","Subsidy Removal"
"221","--","--",NA,NA,"--","--","--","--","--","--","--","Subsidy Removal"
"222","--","--",NA,NA,"--","--","--","--","--","--","--","Subsidy Removal"
"223","--","--",NA,NA,"--","--","--","--","--","--","--","Subsidy Removal"
"224","--","--",NA,NA,"--","--","--","--","--","--","--","Subsidy Removal"
"225","--","--",NA,NA,"--","--","--","--","--","--","--","Subsidy Removal"
"226","--","--",NA,NA,"--","--","--","--","--","--","--","Subsidy Removal"
"227","--","--",NA,NA,"--","--","--","--","--","--","--","Subsidy Removal"
"228","--","--",NA,NA,"--","--","--","--","--","--","--","Subsidy Removal"
"229","--","--",NA,NA,"--","--","--","--","--","--","--","Subsidy Removal"
"230","--","--",NA,NA,"--","--","--","--","--","--","--","Subsidy Removal"
"231","--","--",NA,NA,"--","--","--","--","--","--","--","Subsidy Removal"
"232","--","--",NA,NA,"--","--","--","--","--","--","--","Subsidy Removal"
"233","--","--",NA,NA,"--","--","--","--","--","--","--","Subsidy Removal"
"234","--","--",NA,NA,"--","--","--","--","--","--","--","Subsidy Removal"
"235","--","--",NA,NA,"--","--","--","--","--","--","--","Subsidy Removal"
"236","--","--",NA,NA,"--","--","--","--","--","--","--","Subsidy Removal"
"237","--","--",NA,NA,"--","--","--","--","--","--","--","Subsidy Removal"
"238","--","--",NA,NA,"--","--","--","--","--","--","--","Subsidy Removal"
"239","--","--",NA,NA,"--","--","--","--","--","--","--","Subsidy Removal"
"240","--","--",NA,NA,"--","--","--","--","--","--","--","Subsidy Removal"
"241","--","--",NA,NA,"--","--","--","--","--","--","--","Subsidy Removal"
"242","--","--",NA,NA,"--","--","--","--","--","--","--","Subsidy Removal"
"243","--","--",NA,NA,"--","--","--","--","--","--","--","Subsidy Removal"
"244","--","--",NA,NA,"--","--","--","--","--","--","--","Subsidy Removal"
"245","--","--",NA,NA,"--","--","--","--","--","--","--","Subsidy Removal"
"246","--","--",NA,NA,"--","--","--","--","--","--","--","Subsidy Removal"
"247","--","--",NA,NA,"--","--","--","--","--","--","--","Subsidy Removal"
"248","--","--",NA,NA,"--","--","--","--","--","--","--","Subsidy Removal"
"249","--","--",NA,NA,"--","--","--","--","--","--","--","Subsidy Removal"
"250","--","--",NA,NA,"--","--","--","--","--","--","--","Subsidy Removal"
"251","--","--",NA,NA,"--","--","--","--","--","--","--","Subsidy Removal"
"252","--","--",NA,NA,"--","--","--","--","--","--","--","Subsidy Removal"
"253","--","--",NA,NA,"--","--","--","--","--","--","--","Subsidy Removal"
"254","--","--",NA,NA,"--","--","--","--","--","--","--","Subsidy Removal"
"255","--","--",NA,NA,"--","--","--","--","--","--","--","Subsidy Removal"
"256","--","--",NA,NA,"--","--","--","--","--","--","--","Subsidy Removal"
"257","--","--",NA,NA,"--","--","--","--","--","--","--","Subsidy Removal"
"258","--","--",NA,NA,"--","--","--","--","--","--","--","Subsidy Removal"
"259","--","--",NA,NA,"--","--","--","--","--","--","--","Subsidy Removal"
"260","--","--",NA,NA,"--","--","--","--","--","--","--","Subsidy Removal"
"261","--","--",NA,NA,"--","--","--","--","--","--","--","Subsidy Removal"
"262","--","--",NA,NA,"--","--","--","--","--","--","--","Subsidy Removal"
"263","--","--",NA,NA,"--","--","--","--","--","--","--","Subsidy Removal"
"264","--","--",NA,NA,"--","--","--","--","--","--","--","Subsidy Removal"
"265","--","--",NA,NA,"--","--","--","--","--","--","--","Subsidy Removal"
"266","--","--",NA,NA,"--","--","--","--","--","--","--","Subsidy Removal"
"267","--","--",NA,NA,"--","--","--","--","--","--","--","Subsidy Removal"
"268","--","--",NA,NA,"--","--","--","--","--","--","--","Subsidy Removal"
"269","--","--",NA,NA,"--","--","--","--","--","--","--","Subsidy Removal"
"270","--","--",NA,NA,"--","--","--","--","--","--","--","Subsidy Removal"
"271","--","--",NA,NA,"--","--","--","--","--","--","--","Subsidy Removal"
"272","--","--",NA,NA,"--","--","--","--","--","--","--","Subsidy Removal"
"273","--","--",NA,NA,"--","--","--","--","--","--","--","Subsidy Removal"
"274","--","--",NA,NA,"--","--","--","--","--","--","--","Subsidy Removal"
"275","--","--",NA,NA,"--","--","--","--","--","--","--","Subsidy Removal"
"276","--","--",NA,NA,"--","--","--","--","--","--","--","Subsidy Removal"
"277","--","--",NA,NA,"--","--","--","--","--","--","--","Subsidy Removal"
"278","--","--",NA,NA,"--","--","--","--","--","--","--","Subsidy Removal"
"279","--","--",NA,NA,"--","--","--","--","--","--","--","Subsidy Removal"
"280","--","--",NA,NA,"--","--","--","--","--","--","--","Subsidy Removal"
"281","--","--",NA,NA,"--","--","--","--","--","--","--","Subsidy Removal"
"282","--","--",NA,NA,"--","--","--","--","--","--","--","Subsidy Removal"
"283","--","--",NA,NA,"--","--","--","--","--","--","--","Subsidy Removal"
"284","--","--",NA,NA,"--","--","--","--","--","--","--","Subsidy Removal"
"285","--","--",NA,NA,"--","--","--","--","--","--","--","Subsidy Removal"
"286","--","--",NA,NA,"--","--","--","--","--","--","--","Subsidy Removal"
"287","--","--",NA,NA,"--","--","--","--","--","--","--","Subsidy Removal"
"288","--","--",NA,NA,"--","--","--","--","--","--","--","Subsidy Removal"
"289","--","--",NA,NA,"--","--","--","--","--","--","--","Subsidy Removal"
"290","--","--",NA,NA,"--","--","--","--","--","--","--","Subsidy Removal"
"291","--","--",NA,NA,"--","--","--","--","--","--","--","Subsidy Removal"
"292","--","--",NA,NA,"--","--","--","--","--","--","--","Subsidy Removal"
"293","--","--",NA,NA,"--","--","--","--","--","--","--","Subsidy Removal"
"294","--","--",NA,NA,"--","--","--","--","--","--","--","Subsidy Removal"
"295","--","--",NA,NA,"--","--","--","--","--","--","--","Subsidy Removal"
"296","--","--",NA,NA,"--","--","--","--","--","--","--","Subsidy Removal"
"297","--","--",NA,NA,"--","--","--","--","--","--","--","Subsidy Removal"
"298","--","--",NA,NA,"--","--","--","--","--","--","--","Subsidy Removal"
"299","--","--",NA,NA,"--","--","--","--","--","--","--","Subsidy Removal"
"300","--","--",NA,NA,"--","--","--","--","--","--","--","Subsidy Removal"
"301","--","--",NA,NA,"--","--","--","--","--","--","--","Subsidy Removal"
"302","--","--",NA,NA,"--","--","--","--","--","--","--","Subsidy Removal"
"303","--","--",NA,NA,"--","--","--","--","--","--","--","Subsidy Removal"
"304","--","--",NA,NA,"--","--","--","--","--","--","--","Subsidy Removal"
"305","--","--",NA,NA,"--","--","--","--","--","--","--","Subsidy Removal"
"306","--","--",NA,NA,"--","--","--","--","--","--","--","Subsidy Removal"
"307","--","--",NA,NA,"--","--","--","--","--","--","--","Subsidy Removal"
"308","--","--",NA,NA,"--","--","--","--","--","--","--","Subsidy Removal"
"309","--","--",NA,NA,"--","--","--","--","--","--","--","Subsidy Removal"
"310","--","--",NA,NA,"--","--","--","--","--","--","--","Subsidy Removal"
"311","--","--",NA,NA,"--","--","--","--","--","--","--","Subsidy Removal"
"312","--","--",NA,NA,"--","--","--","--","--","--","--","Subsidy Removal"
"313","--","--",NA,NA,"--","--","--","--","--","--","--","Subsidy Removal"
"314","--","--",NA,NA,"--","--","--","--","--","--","--","Subsidy Removal"
"315","--","--",NA,NA,"--","--","--","--","--","--","--","Subsidy Removal"
"316","--","--",NA,NA,"--","--","--","--","--","--","--","Subsidy Removal"
"317","--","--",NA,NA,"--","--","--","--","--","--","--","Subsidy Removal"
"318","--","--",NA,NA,"--","--","--","--","--","--","--","Subsidy Removal"
"319","--","--",NA,NA,"--","--","--","--","--","--","--","Subsidy Removal"
"320","--","--",NA,NA,"--","--","--","--","--","--","--","Subsidy Removal"
"321","--","--",NA,NA,"--","--","--","--","--","--","--","Subsidy Removal"
"322","--","--",NA,NA,"--","--","--","--","--","--","--","Subsidy Removal"
"323","--","--",NA,NA,"--","--","--","--","--","--","--","Subsidy Removal"
"324","--","--",NA,NA,"--","--","--","--","--","--","--","Subsidy Removal"
"325","--","--",NA,NA,"--","--","--","--","--","--","--","Subsidy Removal"
"326","--","--",NA,NA,"--","--","--","--","--","--","--","Subsidy Removal"
"327","--","--",NA,NA,"--","--","--","--","--","--","--","Subsidy Removal"
"328","--","--",NA,NA,"--","--","--","--","--","--","--","Subsidy Removal"
"329","--","--",NA,NA,"--","--","--","--","--","--","--","Subsidy Removal"
"330","--","--",NA,NA,"--","--","--","--","--","--","--","Subsidy Removal"
"331","--","--",NA,NA,"--","--","--","--","--","--","--","Subsidy Removal"
"332","--","--",NA,NA,"--","--","--","--","--","--","--","Subsidy Removal"
"333","--","--",NA,NA,"--","--","--","--","--","--","--","Subsidy Removal"
"334","--","--",NA,NA,"--","--","--","--","--","--","--","Subsidy Removal"
"335","--","--",NA,NA,"--","--","--","--","--","--","--","Subsidy Removal"
"336","--","--",NA,NA,"--","--","--","--","--","--","--","Subsidy Removal"
"337","--","--",NA,NA,"--","--","--","--","--","--","--","Subsidy Removal"
"338","--","--",NA,NA,"--","--","--","--","--","--","--","Subsidy Removal"
"339","--","--",NA,NA,"--","--","--","--","--","--","--","Subsidy Removal"
"340","--","--",NA,NA,"--","--","--","--","--","--","--","Subsidy Removal"
"341","--","--",NA,NA,"--","--","--","--","--","--","--","Subsidy Removal"
"342","--","--",NA,NA,"--","--","--","--","--","--","--","Subsidy Removal"
"343","--","--",NA,NA,"--","--","--","--","--","--","--","Subsidy Removal"
"344","--","--",NA,NA,"--","--","--","--","--","--","--","Subsidy Removal"
"345","--","--",NA,NA,"--","--","--","--","--","--","--","Subsidy Removal"
"346","--","--",NA,NA,"--","--","--","--","--","--","--","Subsidy Removal"
"347","--","--",NA,NA,"--","--","--","--","--","--","--","Subsidy Removal"
"348","--","--",NA,NA,"--","--","--","--","--","--","--","Subsidy Removal"
"349","--","--",NA,NA,"--","--","--","--","--","--","--","Subsidy Removal"
"350","--","--",NA,NA,"--","--","--","--","--","--","--","Subsidy Removal"
"351","--","--",NA,NA,"--","--","--","--","--","--","--","Subsidy Removal"
"352","--","--",NA,NA,"--","--","--","--","--","--","--","Subsidy Removal"
"353","--","--",NA,NA,"--","--","--","--","--","--","--","Subsidy Removal"
"354","--","--",NA,NA,"--","--","--","--","--","--","--","Subsidy Removal"
"355","--","--",NA,NA,"--","--","--","--","--","--","--","Subsidy Removal"
"356","--","--",NA,NA,"--","--","--","--","--","--","--","Subsidy Removal"
"357","--","--",NA,NA,"--","--","--","--","--","--","--","Subsidy Removal"
"358","--","--",NA,NA,"--","--","--","--","--","--","--","Subsidy Removal"
"359","--","--",NA,NA,"--","--","--","--","--","--","--","Subsidy Removal"
"360","--","--",NA,NA,"--","--","--","--","--","--","--","Subsidy Removal"
"361","--","--",NA,NA,"--","--","--","--","--","--","--","Subsidy Removal"
"362","--","--",NA,NA,"--","--","--","--","--","--","--","Subsidy Removal"
"363","--","--",NA,NA,"--","--","--","--","--","--","--","Subsidy Removal"
"364","--","--",NA,NA,"--","--","--","--","--","--","--","Subsidy Removal"
"365","--","--",NA,NA,"--","--","--","--","--","--","--","Subsidy Removal"
"366","--","--",NA,NA,"--","--","--","--","--","--","--","Subsidy Removal"
"367","--","--",NA,NA,"--","--","--","--","--","--","--","Subsidy Removal"
"368","--","--",NA,NA,"--","--","--","--","--","--","--","Subsidy Removal"
"369","--","--",NA,NA,"--","--","--","--","--","--","--","Subsidy Removal"
"370","--","--",NA,NA,"--","--","--","--","--","--","--","Subsidy Removal"
"371","--","--",NA,NA,"--","--","--","--","--","--","--","Subsidy Removal"
"372","--","--",NA,NA,"--","--","--","--","--","--","--","Subsidy Removal"
"373","--","--",NA,NA,"--","--","--","--","--","--","--","Subsidy Removal"
"374","--","--",NA,NA,"--","--","--","--","--","--","--","Subsidy Removal"
"375","--","--",NA,NA,"--","--","--","--","--","--","--","Subsidy Removal"
"376","--","--",NA,NA,"--","--","--","--","--","--","--","Subsidy Removal"
"377","--","--",NA,NA,"--","--","--","--","--","--","--","Subsidy Removal"
"378","--","--",NA,NA,"--","--","--","--","--","--","--","Subsidy Removal"
"379","--","--",NA,NA,"--","--","--","--","--","--","--","Subsidy Removal"
"380","--","--",NA,NA,"--","--","--","--","--","--","--","Subsidy Removal"
"381","--","--",NA,NA,"--","--","--","--","--","--","--","Subsidy Removal"
"382","--","--",NA,NA,"--","--","--","--","--","--","--","Subsidy Removal"
"383","--","--",NA,NA,"--","--","--","--","--","--","--","Subsidy Removal"
"384","--","--",NA,NA,"--","--","--","--","--","--","--","Subsidy Removal"
"385","--","--",NA,NA,"--","--","--","--","--","--","--","Subsidy Removal"
"386","--","--",NA,NA,"--","--","--","--","--","--","--","Subsidy Removal"
"387","--","--",NA,NA,"--","--","--","--","--","--","--","Subsidy Removal"
"388","--","--",NA,NA,"--","--","--","--","--","--","--","Subsidy Removal"
"389","--","--",NA,NA,"--","--","--","--","--","--","--","Subsidy Removal"
"390","--","--",NA,NA,"--","--","--","--","--","--","--","Subsidy Removal"
"391","--","--",NA,NA,"--","--","--","--","--","--","--","Subsidy Removal"
"392","--","--",NA,NA,"--","--","--","--","--","--","--","Subsidy Removal"
"393","--","--",NA,NA,"--","--","--","--","--","--","--","Subsidy Removal"
"394","--","--",NA,NA,"--","--","--","--","--","--","--","Subsidy Removal"
"395","--","--",NA,NA,"--","--","--","--","--","--","--","Subsidy Removal"
"396","--","--",NA,NA,"--","--","--","--","--","--","--","Subsidy Removal"
"397","--","--",NA,NA,"--","--","--","--","--","--","--","Subsidy Removal"
"398","--","--",NA,NA,"--","--","--","--","--","--","--","Subsidy Removal"
"399","--","--",NA,NA,"--","--","--","--","--","--","--","Subsidy Removal"
"400","--","--",NA,NA,"--","--","--","--","--","--","--","Subsidy Removal"
"401","--","--",NA,NA,"--","--","--","--","--","--","--","Subsidy Removal"
"402","--","--",NA,NA,"--","--","--","--","--","--","--","Subsidy Removal"
"403","--","--",NA,NA,"--","--","--","--","--","--","--","Subsidy Removal"
"404","--","--",NA,NA,"--","--","--","--","--","--","--","Subsidy Removal"
"405","--","--",NA,NA,"--","--","--","--","--","--","--","Subsidy Removal"
"406","--","--",NA,NA,"--","--","--","--","--","--","--","Subsidy Removal"
"407","--","--",NA,NA,"--","--","--","--","--","--","--","Subsidy Removal"
"408","--","--",NA,NA,"--","--","--","--","--","--","--","Subsidy Removal"
"409","--","--",NA,NA,"--","--","--","--","--","--","--","Subsidy Removal"
"410","--","--",NA,NA,"--","--","--","--","--","--","--","Subsidy Removal"
"411","--","--",NA,NA,"--","--","--","--","--","--","--","Subsidy Removal"
"412","--","--",NA,NA,"--","--","--","--","--","--","--","Subsidy Removal"
"413","--","--",NA,NA,"--","--","--","--","--","--","--","Subsidy Removal"
"414","--","--",NA,NA,"--","--","--","--","--","--","--","Subsidy Removal"
"415","--","--",NA,NA,"--","--","--","--","--","--","--","Subsidy Removal"
"416","--","--",NA,NA,"--","--","--","--","--","--","--","Subsidy Removal"
"417","--","--",NA,NA,"--","--","--","--","--","--","--","Subsidy Removal"
"418","--","--",NA,NA,"--","--","--","--","--","--","--","Subsidy Removal"
"419","--","--",NA,NA,"--","--","--","--","--","--","--","Subsidy Removal"
"420","--","--",NA,NA,"--","--","--","--","--","--","--","Subsidy Removal"
"421","--","--",NA,NA,"--","--","--","--","--","--","--","Subsidy Removal"
"422","--","--",NA,NA,"--","--","--","--","--","--","--","Subsidy Removal"
"423","--","--",NA,NA,"--","--","--","--","--","--","--","Subsidy Removal"
"424","--","--",NA,NA,"--","--","--","--","--","--","--","Subsidy Removal"
"425","--","--",NA,NA,"--","--","--","--","--","--","--","Subsidy Removal"
"426","--","--",NA,NA,"--","--","--","--","--","--","--","Subsidy Removal"
"427","--","--",NA,NA,"--","--","--","--","--","--","--","Subsidy Removal"
"428","--","--",NA,NA,"--","--","--","--","--","--","--","Subsidy Removal"
"429","--","--",NA,NA,"--","--","--","--","--","--","--","Subsidy Removal"
"430","--","--",NA,NA,"--","--","--","--","--","--","--","Subsidy Removal"
"431","--","--",NA,NA,"--","--","--","--","--","--","--","Subsidy Removal"
"432","--","--",NA,NA,"--","--","--","--","--","--","--","Subsidy Removal"
"433","--","--",NA,NA,"--","--","--","--","--","--","--","Subsidy Removal"
"434","--","--",NA,NA,"--","--","--","--","--","--","--","Subsidy Removal"
"435","--","--",NA,NA,"--","--","--","--","--","--","--","Subsidy Removal"
"436","--","--",NA,NA,"--","--","--","--","--","--","--","Subsidy Removal"
"437","--","--",NA,NA,"--","--","--","--","--","--","--","Subsidy Removal"
"438","--","--",NA,NA,"--","--","--","--","--","--","--","Subsidy Removal"
"439","--","--",NA,NA,"--","--","--","--","--","--","--","Subsidy Removal"
"440","--","--",NA,NA,"--","--","--","--","--","--","--","Subsidy Removal"
"441","--","--",NA,NA,"--","--","--","--","--","--","--","Subsidy Removal"
"442","--","--",NA,NA,"--","--","--","--","--","--","--","Subsidy Removal"
"443","--","--",NA,NA,"--","--","--","--","--","--","--","Subsidy Removal"
"444","--","--",NA,NA,"--","--","--","--","--","--","--","Subsidy Removal"
"445","--","--",NA,NA,"--","--","--","--","--","--","--","Subsidy Removal"
"446","--","--",NA,NA,"--","--","--","--","--","--","--","Subsidy Removal"
"447","--","--",NA,NA,"--","--","--","--","--","--","--","Subsidy Removal"
"448","--","--",NA,NA,"--","--","--","--","--","--","--","Subsidy Removal"
"449","--","--",NA,NA,"--","--","--","--","--","--","--","Subsidy Removal"
"450","--","--",NA,NA,"--","--","--","--","--","--","--","Subsidy Removal"
"451","--","--",NA,NA,"--","--","--","--","--","--","--","Subsidy Removal"
"452","--","--",NA,NA,"--","--","--","--","--","--","--","Subsidy Removal"
"453","--","--",NA,NA,"--","--","--","--","--","--","--","Subsidy Removal"
"454","--","--",NA,NA,"--","--","--","--","--","--","--","Subsidy Removal"
"455","--","--",NA,NA,"--","--","--","--","--","--","--","Subsidy Removal"
"456","--","--",NA,NA,"--","--","--","--","--","--","--","Subsidy Removal"
"457","--","--",NA,NA,"--","--","--","--","--","--","--","Subsidy Removal"
"458","--","--",NA,NA,"--","--","--","--","--","--","--","Subsidy Removal"
"459","--","--",NA,NA,"--","--","--","--","--","--","--","Subsidy Removal"
"460","--","--",NA,NA,"--","--","--","--","--","--","--","Subsidy Removal"
"461","--","--",NA,NA,"--","--","--","--","--","--","--","Subsidy Removal"
"462","--","--",NA,NA,"--","--","--","--","--","--","--","Subsidy Removal"
"463","--","--",NA,NA,"--","--","--","--","--","--","--","Subsidy Removal"
"464","--","--",NA,NA,"--","--","--","--","--","--","--","Subsidy Removal"
"465","--","--",NA,NA,"--","--","--","--","--","--","--","Subsidy Removal"
"466","--","--",NA,NA,"--","--","--","--","--","--","--","Subsidy Removal"
"467","--","--",NA,NA,"--","--","--","--","--","--","--","Subsidy Removal"
"468","--","--",NA,NA,"--","--","--","--","--","--","--","Subsidy Removal"
"469","--","--",NA,NA,"--","--","--","--","--","--","--","Subsidy Removal"
"470","--","--",NA,NA,"--","--","--","--","--","--","--","Subsidy Removal"
"471","--","--",NA,NA,"--","--","--","--","--","--","--","Subsidy Removal"
"472","--","--",NA,NA,"--","--","--","--","--","--","--","Subsidy Removal"
"473","--","--",NA,NA,"--","--","--","--","--","--","--","Subsidy Removal"
"474","--","--",NA,NA,"--","--","--","--","--","--","--","Subsidy Removal"
"475","--","--",NA,NA,"--","--","--","--","--","--","--","Subsidy Removal"
"476","--","--",NA,NA,"--","--","--","--","--","--","--","Subsidy Removal"
"477","--","--",NA,NA,"--","--","--","--","--","--","--","Subsidy Removal"
"478","--","--",NA,NA,"--","--","--","--","--","--","--","Subsidy Removal"
"479","--","--",NA,NA,"--","--","--","--","--","--","--","Subsidy Removal"
"480","--","--",NA,NA,"--","--","--","--","--","--","--","Subsidy Removal"
"481","--","--",NA,NA,"--","--","--","--","--","--","--","Subsidy Removal"
"482","--","--",NA,NA,"--","--","--","--","--","--","--","Subsidy Removal"
"483","--","--",NA,NA,"--","--","--","--","--","--","--","Subsidy Removal"
"484","--","--",NA,NA,"--","--","--","--","--","--","--","Subsidy Removal"
"485","--","--",NA,NA,"--","--","--","--","--","--","--","Subsidy Removal"
"486","--","--",NA,NA,"--","--","--","--","--","--","--","Subsidy Removal"
"487","--","--",NA,NA,"--","--","--","--","--","--","--","Subsidy Removal"
"488","--","--",NA,NA,"--","--","--","--","--","--","--","Subsidy Removal"
"489","--","--",NA,NA,"--","--","--","--","--","--","--","Subsidy Removal"
"490","--","--",NA,NA,"--","--","--","--","--","--","--","Subsidy Removal"
"491","--","--",NA,NA,"--","--","--","--","--","--","--","Subsidy Removal"
"492","--","--",NA,NA,"--","--","--","--","--","--","--","Subsidy Removal"
"493","--","--",NA,NA,"--","--","--","--","--","--","--","Subsidy Removal"
"494","--","--",NA,NA,"--","--","--","--","--","--","--","Subsidy Removal"
"495","--","--",NA,NA,"--","--","--","--","--","--","--","Subsidy Removal"
"496","--","--",NA,NA,"--","--","--","--","--","--","--","Subsidy Removal"
"497","--","--",NA,NA,"--","--","--","--","--","--","--","Subsidy Removal"
"498","--","--",NA,NA,"--","--","--","--","--","--","--","Subsidy Removal"
"499","--","--",NA,NA,"--","--","--","--","--","--","--","Subsidy Removal"
"500","--","--",NA,NA,"--","--","--","--","--","--","--","Subsidy Removal"
"501","--","--",NA,NA,"--","--","--","--","--","--","--","Subsidy Removal"
"502","--","--",NA,NA,"--","--","--","--","--","--","--","Subsidy Removal"
"503","--","--",NA,NA,"--","--","--","--","--","--","--","Subsidy Removal"
"504","--","--",NA,NA,"--","--","--","--","--","--","--","Subsidy Removal"
"505","--","--",NA,NA,"--","--","--","--","--","--","--","Subsidy Removal"
"506","--","--",NA,NA,"--","--","--","--","--","--","--","Subsidy Removal"
"507","--","--",NA,NA,"--","--","--","--","--","--","--","Subsidy Removal"
"508","--","--",NA,NA,"--","--","--","--","--","--","--","Subsidy Removal"
"509","--","--",NA,NA,"--","--","--","--","--","--","--","Subsidy Removal"
"510","--","--",NA,NA,"--","--","--","--","--","--","--","Subsidy Removal"
"511","--","--",NA,NA,"--","--","--","--","--","--","--","Subsidy Removal"
"512","--","--",NA,NA,"--","--","--","--","--","--","--","Subsidy Removal"
"513","--","--",NA,NA,"--","--","--","--","--","--","--","Subsidy Removal"
"514","--","--",NA,NA,"--","--","--","--","--","--","--","Subsidy Removal"
"515","--","--",NA,NA,"--","--","--","--","--","--","--","Subsidy Removal"
"516","--","--",NA,NA,"--","--","--","--","--","--","--","Subsidy Removal"
"517","--","--",NA,NA,"--","--","--","--","--","--","--","Subsidy Removal"
"518","--","--",NA,NA,"--","--","--","--","--","--","--","Subsidy Removal"
"519","--","--",NA,NA,"--","--","--","--","--","--","--","Subsidy Removal"
"520","--","--",NA,NA,"--","--","--","--","--","--","--","Subsidy Removal"
"521","--","--",NA,NA,"--","--","--","--","--","--","--","Subsidy Removal"
"522","--","--",NA,NA,"--","--","--","--","--","--","--","Subsidy Removal"
"523","--","--",NA,NA,"--","--","--","--","--","--","--","Subsidy Removal"
"524","--","--",NA,NA,"--","--","--","--","--","--","--","Subsidy Removal"
"525","--","--",NA,NA,"--","--","--","--","--","--","--","Subsidy Removal"
"526","--","--",NA,NA,"--","--","--","--","--","--","--","Subsidy Removal"
"527","--","--",NA,NA,"--","--","--","--","--","--","--","Subsidy Removal"
"528","--","--",NA,NA,"--","--","--","--","--","--","--","Subsidy Removal"
"529","--","--",NA,NA,"--","--","--","--","--","--","--","Subsidy Removal"
"530","--","--",NA,NA,"--","--","--","--","--","--","--","Subsidy Removal"
"531","--","--",NA,NA,"--","--","--","--","--","--","--","Subsidy Removal"
"532","--","--",NA,NA,"--","--","--","--","--","--","--","Subsidy Removal"
"533","--","--",NA,NA,"--","--","--","--","--","--","--","Subsidy Removal"
"534","--","--",NA,NA,"--","--","--","--","--","--","--","Subsidy Removal"
"535","--","--",NA,NA,"--","--","--","--","--","--","--","Subsidy Removal"
"536","--","--",NA,NA,"--","--","--","--","--","--","--","Subsidy Removal"
"537","--","--",NA,NA,"--","--","--","--","--","--","--","Subsidy Removal"
"538","--","--",NA,NA,"--","--","--","--","--","--","--","Subsidy Removal"
"539","--","--",NA,NA,"--","--","--","--","--","--","--","Subsidy Removal"
"540","--","--",NA,NA,"--","--","--","--","--","--","--","Subsidy Removal"
"541","--","--",NA,NA,"--","--","--","--","--","--","--","Subsidy Removal"
"542","--","--",NA,NA,"--","--","--","--","--","--","--","Subsidy Removal"
"543","--","--",NA,NA,"--","--","--","--","--","--","--","Subsidy Removal"
"544","--","--",NA,NA,"--","--","--","--","--","--","--","Subsidy Removal"
"545","--","--",NA,NA,"--","--","--","--","--","--","--","Subsidy Removal"
"546","--","--",NA,NA,"--","--","--","--","--","--","--","Subsidy Removal"
"547","--","--",NA,NA,"--","--","--","--","--","--","--","Subsidy Removal"
"548","--","--",NA,NA,"--","--","--","--","--","--","--","Subsidy Removal"
"549","--","--",NA,NA,"--","--","--","--","--","--","--","Subsidy Removal"
"550","--","--",NA,NA,"--","--","--","--","--","--","--","Subsidy Removal"
"551","--","--",NA,NA,"--","--","--","--","--","--","--","Subsidy Removal"
"552","--","--",NA,NA,"--","--","--","--","--","--","--","Subsidy Removal"
"553","--","--",NA,NA,"--","--","--","--","--","--","--","Subsidy Removal"
"554","--","--",NA,NA,"--","--","--","--","--","--","--","Subsidy Removal"
"555","--","--",NA,NA,"--","--","--","--","--","--","--","Subsidy Removal"
"556","--","--",NA,NA,"--","--","--","--","--","--","--","Subsidy Removal"
"557","--","--",NA,NA,"--","--","--","--","--","--","--","Subsidy Removal"
"558","--","--",NA,NA,"--","--","--","--","--","--","--","Subsidy Removal"
"559","--","--",NA,NA,"--","--","--","--","--","--","--","Subsidy Removal"
"560","--","--",NA,NA,"--","--","--","--","--","--","--","Subsidy Removal"
"561","--","--",NA,NA,"--","--","--","--","--","--","--","Subsidy Removal"
"562","--","--",NA,NA,"--","--","--","--","--","--","--","Subsidy Removal"
"563","--","--",NA,NA,"--","--","--","--","--","--","--","Subsidy Removal"
"564","--","--",NA,NA,"--","--","--","--","--","--","--","Subsidy Removal"
"565","--","--",NA,NA,"--","--","--","--","--","--","--","Subsidy Removal"
"566","--","--",NA,NA,"--","--","--","--","--","--","--","Subsidy Removal"
"567","--","--",NA,NA,"--","--","--","--","--","--","--","Subsidy Removal"
"568","--","--",NA,NA,"--","--","--","--","--","--","--","Subsidy Removal"
"569","--","--",NA,NA,"--","--","--","--","--","--","--","Subsidy Removal"
"570","--","--",NA,NA,"--","--","--","--","--","--","--","Subsidy Removal"
"571","--","--",NA,NA,"--","--","--","--","--","--","--","Subsidy Removal"
"572","--","--",NA,NA,"--","--","--","--","--","--","--","Subsidy Removal"
"573","--","--",NA,NA,"--","--","--","--","--","--","--","Subsidy Removal"
"574","--","--",NA,NA,"--","--","--","--","--","--","--","Subsidy Removal"
"575","--","--",NA,NA,"--","--","--","--","--","--","--","Subsidy Removal"
"576","--","--",NA,NA,"--","--","--","--","--","--","--","Subsidy Removal"
"577","--","--",NA,NA,"--","--","--","--","--","--","--","Subsidy Removal"
"578","--","--",NA,NA,"--","--","--","--","--","--","--","Subsidy Removal"
"579","--","--",NA,NA,"--","--","--","--","--","--","--","Subsidy Removal"
"580","--","--",NA,NA,"--","--","--","--","--","--","--","Subsidy Removal"
"581","--","--",NA,NA,"--","--","--","--","--","--","--","Subsidy Removal"
"582","--","--",NA,NA,"--","--","--","--","--","--","--","Subsidy Removal"
"583","--","--",NA,NA,"--","--","--","--","--","--","--","Subsidy Removal"
"584","--","--",NA,NA,"--","--","--","--","--","--","--","Subsidy Removal"
"585","--","--",NA,NA,"--","--","--","--","--","--","--","Subsidy Removal"
"586","--","--",NA,NA,"--","--","--","--","--","--","--","Subsidy Removal"
"587","--","--",NA,NA,"--","--","--","--","--","--","--","Subsidy Removal"
"588","--","--",NA,NA,"--","--","--","--","--","--","--","Subsidy Removal"
"589","--","--",NA,NA,"--","--","--","--","--","--","--","Subsidy Removal"
"590","--","--",NA,NA,"--","--","--","--","--","--","--","Subsidy Removal"
"591","--","--",NA,NA,"--","--","--","--","--","--","--","Subsidy Removal"
"592","--","--",NA,NA,"--","--","--","--","--","--","--","Subsidy Removal"
"593","--","--",NA,NA,"--","--","--","--","--","--","--","Subsidy Removal"
"594","--","--",NA,NA,"--","--","--","--","--","--","--","Subsidy Removal"
"595","--","--",NA,NA,"--","--","--","--","--","--","--","Subsidy Removal"
"596","--","--",NA,NA,"--","--","--","--","--","--","--","Subsidy Removal"
"597","--","--",NA,NA,"--","--","--","--","--","--","--","Subsidy Removal"
"598","--","--",NA,NA,"--","--","--","--","--","--","--","Subsidy Removal"
"599","--","--",NA,NA,"--","--","--","--","--","--","--","Subsidy Removal"
"600","--","--",NA,NA,"--","--","--","--","--","--","--","Subsidy Removal"
"601","--","--",NA,NA,"--","--","--","--","--","--","--","Subsidy Removal"
"602","--","--",NA,NA,"--","--","--","--","--","--","--","Subsidy Removal"
"603","--","--",NA,NA,"--","--","--","--","--","--","--","Subsidy Removal"
"604","--","--",NA,NA,"--","--","--","--","--","--","--","Subsidy Removal"
"605","--","--",NA,NA,"--","--","--","--","--","--","--","Subsidy Removal"
"606","--","--",NA,NA,"--","--","--","--","--","--","--","Subsidy Removal"
"607","--","--",NA,NA,"--","--","--","--","--","--","--","Subsidy Removal"
"608","--","--",NA,NA,"--","--","--","--","--","--","--","Subsidy Removal"
"609","--","--",NA,NA,"--","--","--","--","--","--","--","Subsidy Removal"
"610","--","--",NA,NA,"--","--","--","--","--","--","--","Subsidy Removal"
"611","--","--",NA,NA,"--","--","--","--","--","--","--","Subsidy Removal"
"612","--","--",NA,NA,"--","--","--","--","--","--","--","Subsidy Removal"
"613","--","--",NA,NA,"--","--","--","--","--","--","--","Subsidy Removal"
"614","--","--",NA,NA,"--","--","--","--","--","--","--","Subsidy Removal"
"615","--","--",NA,NA,"--","--","--","--","--","--","--","Subsidy Removal"
"616","--","--",NA,NA,"--","--","--","--","--","--","--","Subsidy Removal"
"617","--","--",NA,NA,"--","--","--","--","--","--","--","Subsidy Removal"
"618","--","--",NA,NA,"--","--","--","--","--","--","--","Subsidy Removal"
"619","--","--",NA,NA,"--","--","--","--","--","--","--","Subsidy Removal"
"620","--","--",NA,NA,"--","--","--","--","--","--","--","Subsidy Removal"
"621","--","--",NA,NA,"--","--","--","--","--","--","--","Subsidy Removal"
"622","--","--",NA,NA,"--","--","--","--","--","--","--","Subsidy Removal"
"623","--","--",NA,NA,"--","--","--","--","--","--","--","Subsidy Removal"
"624","--","--",NA,NA,"--","--","--","--","--","--","--","Subsidy Removal"
"625","--","--",NA,NA,"--","--","--","--","--","--","--","Subsidy Removal"
"626","--","--",NA,NA,"--","--","--","--","--","--","--","Subsidy Removal"
"627","--","--",NA,NA,"--","--","--","--","--","--","--","Subsidy Removal"
"628","--","--",NA,NA,"--","--","--","--","--","--","--","Subsidy Removal"
"629","--","--",NA,NA,"--","--","--","--","--","--","--","Subsidy Removal"
"630","--","--",NA,NA,"--","--","--","--","--","--","--","Subsidy Removal"
"631","--","--",NA,NA,"--","--","--","--","--","--","--","Subsidy Removal"
"632","--","--",NA,NA,"--","--","--","--","--","--","--","Subsidy Removal"
"633","--","--",NA,NA,"--","--","--","--","--","--","--","Subsidy Removal"
"634","--","--",NA,NA,"--","--","--","--","--","--","--","Subsidy Removal"
"635","--","--",NA,NA,"--","--","--","--","--","--","--","Subsidy Removal"
"636","--","--",NA,NA,"--","--","--","--","--","--","--","Subsidy Removal"
"637","--","--",NA,NA,"--","--","--","--","--","--","--","Subsidy Removal"
"638","--","--",NA,NA,"--","--","--","--","--","--","--","Subsidy Removal"
"639","--","--",NA,NA,"--","--","--","--","--","--","--","Subsidy Removal"
"640","--","--",NA,NA,"--","--","--","--","--","--","--","Subsidy Removal"
"641","--","--",NA,NA,"--","--","--","--","--","--","--","Subsidy Removal"
"642","--","--",NA,NA,"--","--","--","--","--","--","--","Subsidy Removal"
"643","--","--",NA,NA,"--","--","--","--","--","--","--","Subsidy Removal"
"644","--","--",NA,NA,"--","--","--","--","--","--","--","Subsidy Removal"
"645","--","--",NA,NA,"--","--","--","--","--","--","--","Subsidy Removal"
"646","--","--",NA,NA,"--","--","--","--","--","--","--","Subsidy Removal"
"647","--","--",NA,NA,"--","--","--","--","--","--","--","Subsidy Removal"
"648","--","--",NA,NA,"--","--","--","--","--","--","--","Subsidy Removal"
"649","--","--",NA,NA,"--","--","--","--","--","--","--","Subsidy Removal"
"650","--","--",NA,NA,"--","--","--","--","--","--","--","Subsidy Removal"
"651","--","--",NA,NA,"--","--","--","--","--","--","--","Subsidy Removal"
"652","--","--",NA,NA,"--","--","--","--","--","--","--","Subsidy Removal"
"653","--","--",NA,NA,"--","--","--","--","--","--","--","Subsidy Removal"
"654","--","--",NA,NA,"--","--","--","--","--","--","--","Subsidy Removal"
"655","--","--",NA,NA,"--","--","--","--","--","--","--","Subsidy Removal"
"656","--","--",NA,NA,"--","--","--","--","--","--","--","Subsidy Removal"
"657","--","--",NA,NA,"--","--","--","--","--","--","--","Subsidy Removal"
"658","--","--",NA,NA,"--","--","--","--","--","--","--","Subsidy Removal"
"659","--","--",NA,NA,"--","--","--","--","--","--","--","Subsidy Removal"
"660","--","--",NA,NA,"--","--","--","--","--","--","--","Subsidy Removal"
"661","--","--",NA,NA,"--","--","--","--","--","--","--","Subsidy Removal"
"662","--","--",NA,NA,"--","--","--","--","--","--","--","Subsidy Removal"
"663","--","--",NA,NA,"--","--","--","--","--","--","--","Subsidy Removal"
"664","--","--",NA,NA,"--","--","--","--","--","--","--","Subsidy Removal"
"665","--","--",NA,NA,"--","--","--","--","--","--","--","Subsidy Removal"
"666","--","--",NA,NA,"--","--","--","--","--","--","--","Subsidy Removal"
"667","--","--",NA,NA,"--","--","--","--","--","--","--","Subsidy Removal"
"668","--","--",NA,NA,"--","--","--","--","--","--","--","Subsidy Removal"
"669","--","--",NA,NA,"--","--","--","--","--","--","--","Subsidy Removal"
"670","--","--",NA,NA,"--","--","--","--","--","--","--","Subsidy Removal"
"671","--","--",NA,NA,"--","--","--","--","--","--","--","Subsidy Removal"
"672","--","--",NA,NA,"--","--","--","--","--","--","--","Subsidy Removal"
"673","--","--",NA,NA,"--","--","--","--","--","--","--","Subsidy Removal"
"674","--","--",NA,NA,"--","--","--","--","--","--","--","Subsidy Removal"
"675","--","--",NA,NA,"--","--","--","--","--","--","--","Subsidy Removal"
"676","--","--",NA,NA,"--","--","--","--","--","--","--","Subsidy Removal"
"677","--","--",NA,NA,"--","--","--","--","--","--","--","Subsidy Removal"
"678","--","--",NA,NA,"--","--","--","--","--","--","--","Subsidy Removal"
"679","--","--",NA,NA,"--","--","--","--","--","--","--","Subsidy Removal"
"680","--","--",NA,NA,"--","--","--","--","--","--","--","Subsidy Removal"
"681","--","--",NA,NA,"--","--","--","--","--","--","--","Subsidy Removal"
"682","--","--",NA,NA,"--","--","--","--","--","--","--","Subsidy Removal"
"683","--","--",NA,NA,"--","--","--","--","--","--","--","Subsidy Removal"
"684","--","--",NA,NA,"--","--","--","--","--","--","--","Subsidy Removal"
"685","--","--",NA,NA,"--","--","--","--","--","--","--","Subsidy Removal"
"686","--","--",NA,NA,"--","--","--","--","--","--","--","Subsidy Removal"
"687","--","--",NA,NA,"--","--","--","--","--","--","--","Subsidy Removal"
"688","--","--",NA,NA,"--","--","--","--","--","--","--","Subsidy Removal"
"689","--","--",NA,NA,"--","--","--","--","--","--","--","Subsidy Removal"
"690","--","--",NA,NA,"--","--","--","--","--","--","--","Subsidy Removal"
"691","--","--",NA,NA,"--","--","--","--","--","--","--","Subsidy Removal"
"692","--","--",NA,NA,"--","--","--","--","--","--","--","Subsidy Removal"
"693","--","--",NA,NA,"--","--","--","--","--","--","--","Subsidy Removal"
"694","--","--",NA,NA,"--","--","--","--","--","--","--","Subsidy Removal"
"695","--","--",NA,NA,"--","--","--","--","--","--","--","Subsidy Removal"
"696","--","--",NA,NA,"--","--","--","--","--","--","--","Subsidy Removal"
"697","--","--",NA,NA,"--","--","--","--","--","--","--","Subsidy Removal"
"698","--","--",NA,NA,"--","--","--","--","--","--","--","Subsidy Removal"
"699","--","--",NA,NA,"--","--","--","--","--","--","--","Subsidy Removal"
"700","--","--",NA,NA,"--","--","--","--","--","--","--","Subsidy Removal"
"701","--","--",NA,NA,"--","--","--","--","--","--","--","Subsidy Removal"
"702","--","--",NA,NA,"--","--","--","--","--","--","--","Subsidy Removal"
"703","--","--",NA,NA,"--","--","--","--","--","--","--","Subsidy Removal"
"704","--","--",NA,NA,"--","--","--","--","--","--","--","Subsidy Removal"
"705","--","--",NA,NA,"--","--","--","--","--","--","--","Subsidy Removal"
"706","--","--",NA,NA,"--","--","--","--","--","--","--","Subsidy Removal"
"707","--","--",NA,NA,"--","--","--","--","--","--","--","Subsidy Removal"
"708","--","--",NA,NA,"--","--","--","--","--","--","--","Subsidy Removal"
"709","--","--",NA,NA,"--","--","--","--","--","--","--","Subsidy Removal"
"710","--","--",NA,NA,"--","--","--","--","--","--","--","Subsidy Removal"
"711","--","--",NA,NA,"--","--","--","--","--","--","--","Subsidy Removal"
"712","--","--",NA,NA,"--","--","--","--","--","--","--","Subsidy Removal"
"713","--","--",NA,NA,"--","--","--","--","--","--","--","Subsidy Removal"
"714","--","--",NA,NA,"--","--","--","--","--","--","--","Subsidy Removal"
"715","--","--",NA,NA,"--","--","--","--","--","--","--","Subsidy Removal"
"716","--","--",NA,NA,"--","--","--","--","--","--","--","Subsidy Removal"
"717","--","--",NA,NA,"--","--","--","--","--","--","--","Subsidy Removal"
"718","--","--",NA,NA,"--","--","--","--","--","--","--","Subsidy Removal"
"719","--","--",NA,NA,"--","--","--","--","--","--","--","Subsidy Removal"
"720","--","--",NA,NA,"--","--","--","--","--","--","--","Subsidy Removal"
"721","--","--",NA,NA,"--","--","--","--","--","--","--","Subsidy Removal"
"722","--","--",NA,NA,"--","--","--","--","--","--","--","Subsidy Removal"
"723","--","--",NA,NA,"--","--","--","--","--","--","--","Subsidy Removal"
"724","--","--",NA,NA,"--","--","--","--","--","--","--","Subsidy Removal"
"725","--","--",NA,NA,"--","--","--","--","--","--","--","Subsidy Removal"
"726","--","--",NA,NA,"--","--","--","--","--","--","--","Subsidy Removal"
"727","--","--",NA,NA,"--","--","--","--","--","--","--","Subsidy Removal"
"728","--","--",NA,NA,"--","--","--","--","--","--","--","Subsidy Removal"
"729","--","--",NA,NA,"--","--","--","--","--","--","--","Subsidy Removal"
"730","--","--",NA,NA,"--","--","--","--","--","--","--","Subsidy Removal"
"731","--","--",NA,NA,"--","--","--","--","--","--","--","Subsidy Removal"
"732","--","--",NA,NA,"--","--","--","--","--","--","--","Subsidy Removal"
"733","--","--",NA,NA,"--","--","--","--","--","--","--","Subsidy Removal"
"734","--","--",NA,NA,"--","--","--","--","--","--","--","Subsidy Removal"
"735","--","--",NA,NA,"--","--","--","--","--","--","--","Subsidy Removal"
"736","--","--",NA,NA,"--","--","--","--","--","--","--","Subsidy Removal"
"737","--","--",NA,NA,"--","--","--","--","--","--","--","Subsidy Removal"
"738","--","--",NA,NA,"--","--","--","--","--","--","--","Subsidy Removal"
"739","--","--",NA,NA,"--","--","--","--","--","--","--","Subsidy Removal"
"740","--","--",NA,NA,"--","--","--","--","--","--","--","Subsidy Removal"
"741","--","--",NA,NA,"--","--","--","--","--","--","--","Subsidy Removal"
"742","--","--",NA,NA,"--","--","--","--","--","--","--","Subsidy Removal"
"743","--","--",NA,NA,"--","--","--","--","--","--","--","Subsidy Removal"
"744","--","--",NA,NA,"--","--","--","--","--","--","--","Subsidy Removal"
"745","--","--",NA,NA,"--","--","--","--","--","--","--","Subsidy Removal"
"746","--","--",NA,NA,"--","--","--","--","--","--","--","Subsidy Removal"
"747","--","--",NA,NA,"--","--","--","--","--","--","--","Subsidy Removal"
"748","--","--",NA,NA,"--","--","--","--","--","--","--","Subsidy Removal"
"749","--","--",NA,NA,"--","--","--","--","--","--","--","Subsidy Removal"
"750","--","--",NA,NA,"--","--","--","--","--","--","--","Subsidy Removal"
"751","--","--",NA,NA,"--","--","--","--","--","--","--","Subsidy Removal"
"752","--","--",NA,NA,"--","--","--","--","--","--","--","Subsidy Removal"
"753","--","--",NA,NA,"--","--","--","--","--","--","--","Subsidy Removal"
"754","--","--",NA,NA,"--","--","--","--","--","--","--","Subsidy Removal"
"755","--","--",NA,NA,"--","--","--","--","--","--","--","Subsidy Removal"
"756","--","--",NA,NA,"--","--","--","--","--","--","--","Subsidy Removal"
"757","--","--",NA,NA,"--","--","--","--","--","--","--","Subsidy Removal"
"758","--","--",NA,NA,"--","--","--","--","--","--","--","Subsidy Removal"
"759","--","--",NA,NA,"--","--","--","--","--","--","--","Subsidy Removal"
"760","--","--",NA,NA,"--","--","--","--","--","--","--","Subsidy Removal"
"761","--","--",NA,NA,"--","--","--","--","--","--","--","Subsidy Removal"
"762","--","--",NA,NA,"--","--","--","--","--","--","--","Subsidy Removal"
"763","--","--",NA,NA,"--","--","--","--","--","--","--","Subsidy Removal"
"764","--","--",NA,NA,"--","--","--","--","--","--","--","Subsidy Removal"
"765","--","--",NA,NA,"--","--","--","--","--","--","--","Subsidy Removal"
"766","--","--",NA,NA,"--","--","--","--","--","--","--","Subsidy Removal"
"767","--","--",NA,NA,"--","--","--","--","--","--","--","Subsidy Removal"
"768","--","--",NA,NA,"--","--","--","--","--","--","--","Subsidy Removal"
"769","--","--",NA,NA,"--","--","--","--","--","--","--","Subsidy Removal"
"770","--","--",NA,NA,"--","--","--","--","--","--","--","Subsidy Removal"
"771","--","--",NA,NA,"--","--","--","--","--","--","--","Subsidy Removal"
"772","--","--",NA,NA,"--","--","--","--","--","--","--","Subsidy Removal"
"773","--","--",NA,NA,"--","--","--","--","--","--","--","Subsidy Removal"
"774","--","--",NA,NA,"--","--","--","--","--","--","--","Subsidy Removal"
"775","--","--",NA,NA,"--","--","--","--","--","--","--","Subsidy Removal"
"776","--","--",NA,NA,"--","--","--","--","--","--","--","Subsidy Removal"
"777","--","--",NA,NA,"--","--","--","--","--","--","--","Subsidy Removal"
"778","--","--",NA,NA,"--","--","--","--","--","--","--","Subsidy Removal"
"779","--","--",NA,NA,"--","--","--","--","--","--","--","Subsidy Removal"
"780","--","--",NA,NA,"--","--","--","--","--","--","--","Subsidy Removal"
"781","--","--",NA,NA,"--","--","--","--","--","--","--","Subsidy Removal"
"782","--","--",NA,NA,"--","--","--","--","--","--","--","Subsidy Removal"
"783","--","--",NA,NA,"--","--","--","--","--","--","--","Subsidy Removal"
"784","--","--",NA,NA,"--","--","--","--","--","--","--","Subsidy Removal"
"785","--","--",NA,NA,"--","--","--","--","--","--","--","Subsidy Removal"
"786","--","--",NA,NA,"--","--","--","--","--","--","--","Subsidy Removal"
"787","--","--",NA,NA,"--","--","--","--","--","--","--","Subsidy Removal"
"788","--","--",NA,NA,"--","--","--","--","--","--","--","Subsidy Removal"
"789","--","--",NA,NA,"--","--","--","--","--","--","--","Subsidy Removal"
"790","--","--",NA,NA,"--","--","--","--","--","--","--","Subsidy Removal"
"791","--","--",NA,NA,"--","--","--","--","--","--","--","Subsidy Removal"
"792","--","--",NA,NA,"--","--","--","--","--","--","--","Subsidy Removal"
"793","--","--",NA,NA,"--","--","--","--","--","--","--","Subsidy Removal"
"794","--","--",NA,NA,"--","--","--","--","--","--","--","Subsidy Removal"
"795","--","--",NA,NA,"--","--","--","--","--","--","--","Subsidy Removal"
"796","--","--",NA,NA,"--","--","--","--","--","--","--","Subsidy Removal"
"797","--","--",NA,NA,"--","--","--","--","--","--","--","Subsidy Removal"
"798","--","--",NA,NA,"--","--","--","--","--","--","--","Subsidy Removal"
"799","--","--",NA,NA,"--","--","--","--","--","--","--","Subsidy Removal"
"800","--","--",NA,NA,"--","--","--","--","--","--","--","Subsidy Removal"
"801","--","--",NA,NA,"--","--","--","--","--","--","--","Subsidy Removal"
"802","--","--",NA,NA,"--","--","--","--","--","--","--","Subsidy Removal"
"803","--","--",NA,NA,"--","--","--","--","--","--","--","Subsidy Removal"
"804","--","--",NA,NA,"--","--","--","--","--","--","--","Subsidy Removal"
"805","--","--",NA,NA,"--","--","--","--","--","--","--","Subsidy Removal"
"806","--","--",NA,NA,"--","--","--","--","--","--","--","Subsidy Removal"
"807","--","--",NA,NA,"--","--","--","--","--","--","--","Subsidy Removal"
"808","--","--",NA,NA,"--","--","--","--","--","--","--","Subsidy Removal"
"809","--","--",NA,NA,"--","--","--","--","--","--","--","Subsidy Removal"
"810","--","--",NA,NA,"--","--","--","--","--","--","--","Subsidy Removal"
"811","--","--",NA,NA,"--","--","--","--","--","--","--","Subsidy Removal"
"812","--","--",NA,NA,"--","--","--","--","--","--","--","Subsidy Removal"
"813","--","--",NA,NA,"--","--","--","--","--","--","--","Subsidy Removal"
"814","--","--",NA,NA,"--","--","--","--","--","--","--","Subsidy Removal"
"815","--","--",NA,NA,"--","--","--","--","--","--","--","Subsidy Removal"
"816","--","--",NA,NA,"--","--","--","--","--","--","--","Subsidy Removal"
"817","--","--",NA,NA,"--","--","--","--","--","--","--","Subsidy Removal"
"818","--","--",NA,NA,"--","--","--","--","--","--","--","Subsidy Removal"
"819","--","--",NA,NA,"--","--","--","--","--","--","--","Subsidy Removal"
"820","--","--",NA,NA,"--","--","--","--","--","--","--","Subsidy Removal"
"821","--","--",NA,NA,"--","--","--","--","--","--","--","Subsidy Removal"
"822","--","--",NA,NA,"--","--","--","--","--","--","--","Subsidy Removal"
"823","--","--",NA,NA,"--","--","--","--","--","--","--","Subsidy Removal"
"824","--","--",NA,NA,"--","--","--","--","--","--","--","Subsidy Removal"
"825","--","--",NA,NA,"--","--","--","--","--","--","--","Subsidy Removal"
"826","--","--",NA,NA,"--","--","--","--","--","--","--","Subsidy Removal"
"827","--","--",NA,NA,"--","--","--","--","--","--","--","Subsidy Removal"
"828","--","--",NA,NA,"--","--","--","--","--","--","--","Subsidy Removal"
"829","--","--",NA,NA,"--","--","--","--","--","--","--","Subsidy Removal"
"830","--","--",NA,NA,"--","--","--","--","--","--","--","Subsidy Removal"
"831","--","--",NA,NA,"--","--","--","--","--","--","--","Subsidy Removal"
"832","--","--",NA,NA,"--","--","--","--","--","--","--","Subsidy Removal"
"833","--","--",NA,NA,"--","--","--","--","--","--","--","Subsidy Removal"
"834","--","--",NA,NA,"--","--","--","--","--","--","--","Subsidy Removal"
"835","--","--",NA,NA,"--","--","--","--","--","--","--","Subsidy Removal"
"836","--","--",NA,NA,"--","--","--","--","--","--","--","Subsidy Removal"
"837","--","--",NA,NA,"--","--","--","--","--","--","--","Subsidy Removal"
"838","--","--",NA,NA,"--","--","--","--","--","--","--","Subsidy Removal"
"839","--","--",NA,NA,"--","--","--","--","--","--","--","Subsidy Removal"
"840","--","--",NA,NA,"--","--","--","--","--","--","--","Subsidy Removal"
"841","--","--",NA,NA,"--","--","--","--","--","--","--","Subsidy Removal"
"842","--","--",NA,NA,"--","--","--","--","--","--","--","Subsidy Removal"
"843","--","--",NA,NA,"--","--","--","--","--","--","--","Subsidy Removal"
"844","--","--",NA,NA,"--","--","--","--","--","--","--","Subsidy Removal"
"845","--","--",NA,NA,"--","--","--","--","--","--","--","Subsidy Removal"
"846","--","--",NA,NA,"--","--","--","--","--","--","--","Subsidy Removal"
"847","--","--",NA,NA,"--","--","--","--","--","--","--","Subsidy Removal"
"848","--","--",NA,NA,"--","--","--","--","--","--","--","Subsidy Removal"
"849","--","--",NA,NA,"--","--","--","--","--","--","--","Subsidy Removal"
"850","--","--",NA,NA,"--","--","--","--","--","--","--","Subsidy Removal"
"851","--","--",NA,NA,"--","--","--","--","--","--","--","Subsidy Removal"
"852","--","--",NA,NA,"--","--","--","--","--","--","--","Subsidy Removal"
"853","--","--",NA,NA,"--","--","--","--","--","--","--","Subsidy Removal"
"854","--","--",NA,NA,"--","--","--","--","--","--","--","Subsidy Removal"
"855","--","--",NA,NA,"--","--","--","--","--","--","--","Subsidy Removal"
"856","--","--",NA,NA,"--","--","--","--","--","--","--","Subsidy Removal"
"857","--","--",NA,NA,"--","--","--","--","--","--","--","Subsidy Removal"
"858","--","--",NA,NA,"--","--","--","--","--","--","--","Subsidy Removal"
"859","--","--",NA,NA,"--","--","--","--","--","--","--","Subsidy Removal"
"860","--","--",NA,NA,"--","--","--","--","--","--","--","Subsidy Removal"
"861","--","--",NA,NA,"--","--","--","--","--","--","--","Subsidy Removal"
"862","--","--",NA,NA,"--","--","--","--","--","--","--","Subsidy Removal"
"863","--","--",NA,NA,"--","--","--","--","--","--","--","Subsidy Removal"
"864","--","--",NA,NA,"--","--","--","--","--","--","--","Subsidy Removal"
"865","--","--",NA,NA,"--","--","--","--","--","--","--","Subsidy Removal"
"866","--","--",NA,NA,"--","--","--","--","--","--","--","Subsidy Removal"
"867","--","--",NA,NA,"--","--","--","--","--","--","--","Subsidy Removal"
"868","--","--",NA,NA,"--","--","--","--","--","--","--","Subsidy Removal"
"869","--","--",NA,NA,"--","--","--","--","--","--","--","Subsidy Removal"
"870","--","--",NA,NA,"--","--","--","--","--","--","--","Subsidy Removal"
"871","--","--",NA,NA,"--","--","--","--","--","--","--","Subsidy Removal"
"872","--","--",NA,NA,"--","--","--","--","--","--","--","Subsidy Removal"
"873","--","--",NA,NA,"--","--","--","--","--","--","--","Subsidy Removal"
"874","--","--",NA,NA,"--","--","--","--","--","--","--","Subsidy Removal"
"875","--","--",NA,NA,"--","--","--","--","--","--","--","Subsidy Removal"
"876","--","--",NA,NA,"--","--","--","--","--","--","--","Subsidy Removal"
"877","--","--",NA,NA,"--","--","--","--","--","--","--","Subsidy Removal"
"878","--","--",NA,NA,"--","--","--","--","--","--","--","Subsidy Removal"
"879","--","--",NA,NA,"--","--","--","--","--","--","--","Subsidy Removal"
"880","--","--",NA,NA,"--","--","--","--","--","--","--","Subsidy Removal"
"881","--","--",NA,NA,"--","--","--","--","--","--","--","Subsidy Removal"
"882","--","--",NA,NA,"--","--","--","--","--","--","--","Subsidy Removal"
"883","--","--",NA,NA,"--","--","--","--","--","--","--","Subsidy Removal"
"884","--","--",NA,NA,"--","--","--","--","--","--","--","Subsidy Removal"
"885","--","--",NA,NA,"--","--","--","--","--","--","--","Subsidy Removal"
"886","--","--",NA,NA,"--","--","--","--","--","--","--","Subsidy Removal"
"887","--","--",NA,NA,"--","--","--","--","--","--","--","Subsidy Removal"
"888","--","--",NA,NA,"--","--","--","--","--","--","--","Subsidy Removal"
"889","--","--",NA,NA,"--","--","--","--","--","--","--","Subsidy Removal"
"890","--","--",NA,NA,"--","--","--","--","--","--","--","Subsidy Removal"
"891","--","--",NA,NA,"--","--","--","--","--","--","--","Subsidy Removal"
"892","--","--",NA,NA,"--","--","--","--","--","--","--","Subsidy Removal"
"893","--","--",NA,NA,"--","--","--","--","--","--","--","Subsidy Removal"
"894","--","--",NA,NA,"--","--","--","--","--","--","--","Subsidy Removal"
"895","--","--",NA,NA,"--","--","--","--","--","--","--","Subsidy Removal"
"896","--","--",NA,NA,"--","--","--","--","--","--","--","Subsidy Removal"
"897","--","--",NA,NA,"--","--","--","--","--","--","--","Subsidy Removal"
"898","--","--",NA,NA,"--","--","--","--","--","--","--","Subsidy Removal"
"899","--","--",NA,NA,"--","--","--","--","--","--","--","Subsidy Removal"
"900","--","--",NA,NA,"--","--","--","--","--","--","--","Subsidy Removal"
"901","--","--",NA,NA,"--","--","--","--","--","--","--","Subsidy Removal"
"902","--","--",NA,NA,"--","--","--","--","--","--","--","Subsidy Removal"
"903","--","--",NA,NA,"--","--","--","--","--","--","--","Subsidy Removal"
"904","--","--",NA,NA,"--","--","--","--","--","--","--","Subsidy Removal"
"905","--","--",NA,NA,"--","--","--","--","--","--","--","Subsidy Removal"
"906","--","--",NA,NA,"--","--","--","--","--","--","--","Subsidy Removal"
"907","--","--",NA,NA,"--","--","--","--","--","--","--","Subsidy Removal"
"908","--","--",NA,NA,"--","--","--","--","--","--","--","Subsidy Removal"
"909","--","--",NA,NA,"--","--","--","--","--","--","--","Subsidy Removal"
"910","--","--",NA,NA,"--","--","--","--","--","--","--","Subsidy Removal"
"911","--","--",NA,NA,"--","--","--","--","--","--","--","Subsidy Removal"
"912","--","--",NA,NA,"--","--","--","--","--","--","--","Subsidy Removal"
"913","--","--",NA,NA,"--","--","--","--","--","--","--","Subsidy Removal"
"914","--","--",NA,NA,"--","--","--","--","--","--","--","Subsidy Removal"
"915","--","--",NA,NA,"--","--","--","--","--","--","--","Subsidy Removal"
"916","--","--",NA,NA,"--","--","--","--","--","--","--","Subsidy Removal"
"917","--","--",NA,NA,"--","--","--","--","--","--","--","Subsidy Removal"
"918","--","--",NA,NA,"--","--","--","--","--","--","--","Subsidy Removal"
"919","--","--",NA,NA,"--","--","--","--","--","--","--","Subsidy Removal"
"920","--","--",NA,NA,"--","--","--","--","--","--","--","Subsidy Removal"
"921","--","--",NA,NA,"--","--","--","--","--","--","--","Subsidy Removal"
"922","--","--",NA,NA,"--","--","--","--","--","--","--","Subsidy Removal"
"923","--","--",NA,NA,"--","--","--","--","--","--","--","Subsidy Removal"
"924","--","--",NA,NA,"--","--","--","--","--","--","--","Subsidy Removal"
"925","--","--",NA,NA,"--","--","--","--","--","--","--","Subsidy Removal"
"926","--","--",NA,NA,"--","--","--","--","--","--","--","Subsidy Removal"
"927","--","--",NA,NA,"--","--","--","--","--","--","--","Subsidy Removal"
"928","--","--",NA,NA,"--","--","--","--","--","--","--","Subsidy Removal"
"929","--","--",NA,NA,"--","--","--","--","--","--","--","Subsidy Removal"
"930","--","--",NA,NA,"--","--","--","--","--","--","--","Subsidy Removal"
"931","--","--",NA,NA,"--","--","--","--","--","--","--","Subsidy Removal"
"932","--","--",NA,NA,"--","--","--","--","--","--","--","Subsidy Removal"
"933","--","--",NA,NA,"--","--","--","--","--","--","--","Subsidy Removal"
"934","--","--",NA,NA,"--","--","--","--","--","--","--","Subsidy Removal"
"935","--","--",NA,NA,"--","--","--","--","--","--","--","Subsidy Removal"
"936","--","--",NA,NA,"--","--","--","--","--","--","--","Subsidy Removal"
"937","--","--",NA,NA,"--","--","--","--","--","--","--","Subsidy Removal"
"938","--","--",NA,NA,"--","--","--","--","--","--","--","Subsidy Removal"
"939","--","--",NA,NA,"--","--","--","--","--","--","--","Subsidy Removal"
"940","--","--",NA,NA,"--","--","--","--","--","--","--","Subsidy Removal"
"941","--","--",NA,NA,"--","--","--","--","--","--","--","Subsidy Removal"
"942","--","--",NA,NA,"--","--","--","--","--","--","--","Subsidy Removal"
"943","--","--",NA,NA,"--","--","--","--","--","--","--","Subsidy Removal"
"944","--","--",NA,NA,"--","--","--","--","--","--","--","Subsidy Removal"
"945","--","--",NA,NA,"--","--","--","--","--","--","--","Subsidy Removal"
"946","--","--",NA,NA,"--","--","--","--","--","--","--","Subsidy Removal"
"947","--","--",NA,NA,"--","--","--","--","--","--","--","Subsidy Removal"
"948","--","--",NA,NA,"--","--","--","--","--","--","--","Subsidy Removal"
"949","--","--",NA,NA,"--","--","--","--","--","--","--","Subsidy Removal"
"950","--","--",NA,NA,"--","--","--","--","--","--","--","Subsidy Removal"
"951","--","--",NA,NA,"--","--","--","--","--","--","--","Subsidy Removal"
"952","--","--",NA,NA,"--","--","--","--","--","--","--","Subsidy Removal"
"953","--","--",NA,NA,"--","--","--","--","--","--","--","Subsidy Removal"
"954","--","--",NA,NA,"--","--","--","--","--","--","--","Subsidy Removal"
"955","--","--",NA,NA,"--","--","--","--","--","--","--","Subsidy Removal"
"956","--","--",NA,NA,"--","--","--","--","--","--","--","Subsidy Removal"
"957","--","--",NA,NA,"--","--","--","--","--","--","--","Subsidy Removal"
"958","--","--",NA,NA,"--","--","--","--","--","--","--","Subsidy Removal"
"959","--","--",NA,NA,"--","--","--","--","--","--","--","Subsidy Removal"
"960","--","--",NA,NA,"--","--","--","--","--","--","--","Subsidy Removal"
"961","--","--",NA,NA,"--","--","--","--","--","--","--","Subsidy Removal"
"962","--","--",NA,NA,"--","--","--","--","--","--","--","Subsidy Removal"
"963","--","--",NA,NA,"--","--","--","--","--","--","--","Subsidy Removal"
"964","--","--",NA,NA,"--","--","--","--","--","--","--","Subsidy Removal"
"965","--","--",NA,NA,"--","--","--","--","--","--","--","Subsidy Removal"
"966","--","--",NA,NA,"--","--","--","--","--","--","--","Subsidy Removal"
"967","--","--",NA,NA,"--","--","--","--","--","--","--","Subsidy Removal"
"968","--","--",NA,NA,"--","--","--","--","--","--","--","Subsidy Removal"
"969","--","--",NA,NA,"--","--","--","--","--","--","--","Subsidy Removal"
"970","--","--",NA,NA,"--","--","--","--","--","--","--","Subsidy Removal"
"971","--","--",NA,NA,"--","--","--","--","--","--","--","Subsidy Removal"
"972","--","--",NA,NA,"--","--","--","--","--","--","--","Subsidy Removal"
"973","--","--",NA,NA,"--","--","--","--","--","--","--","Subsidy Removal"
"974","--","--",NA,NA,"--","--","--","--","--","--","--","Subsidy Removal"
"975","--","--",NA,NA,"--","--","--","--","--","--","--","Subsidy Removal"
"976","--","--",NA,NA,"--","--","--","--","--","--","--","Subsidy Removal"
"977","--","--",NA,NA,"--","--","--","--","--","--","--","Subsidy Removal"
"978","--","--",NA,NA,"--","--","--","--","--","--","--","Subsidy Removal"
"979","--","--",NA,NA,"--","--","--","--","--","--","--","Subsidy Removal"
"980","--","--",NA,NA,"--","--","--","--","--","--","--","Subsidy Removal"
"981","--","--",NA,NA,"--","--","--","--","--","--","--","Subsidy Removal"
"982","--","--",NA,NA,"--","--","--","--","--","--","--","Subsidy Removal"
"983","--","--",NA,NA,"--","--","--","--","--","--","--","Subsidy Removal"
"984","--","--",NA,NA,"--","--","--","--","--","--","--","Subsidy Removal"
"985","--","--",NA,NA,"--","--","--","--","--","--","--","Subsidy Removal"
"986","--","--",NA,NA,"--","--","--","--","--","--","--","Subsidy Removal"
"987","--","--",NA,NA,"--","--","--","--","--","--","--","Subsidy Removal"
"988","--","--",NA,NA,"--","--","--","--","--","--","--","Subsidy Removal"
"989","--","--",NA,NA,"--","--","--","--","--","--","--","Subsidy Removal"
"990","--","--",NA,NA,"--","--","--","--","--","--","--","Subsidy Removal"
"991","--","--",NA,NA,"--","--","--","--","--","--","--","Subsidy Removal"
"992","--","--",NA,NA,"--","--","--","--","--","--","--","Subsidy Removal"
"993","--","--",NA,NA,"--","--","--","--","--","--","--","Subsidy Removal"
"994","--","--",NA,NA,"--","--","--","--","--","--","--","Subsidy Removal"
"995","--","--",NA,NA,"--","--","--","--","--","--","--","Subsidy Removal"
"996","--","--",NA,NA,"--","--","--","--","--","--","--","Subsidy Removal"
"997","--","--",NA,NA,"--","--","--","--","--","--","--","Subsidy Removal"
"998","--","--",NA,NA,"--","--","--","--","--","--","--","Subsidy Removal"
"999","--","--",NA,NA,"--","--","--","--","--","--","--","Subsidy Removal"
"1000","--","--",NA,NA,"--","--","--","--","--","--","--","Subsidy Removal"
"1001","--","--",NA,NA,"--","--","--","--","--","--","--","Subsidy Removal"
"1002","--","--",NA,NA,"--","--","--","--","--","--","--","Subsidy Removal"
"1003","--","--",NA,NA,"--","--","--","--","--","--","--","Subsidy Removal"
"1004","--","--",NA,NA,"--","--","--","--","--","--","--","Subsidy Removal"
"1005","--","--",NA,NA,"--","--","--","--","--","--","--","Subsidy Removal"
"1006","--","--",NA,NA,"--","--","--","--","--","--","--","Subsidy Removal"
"1007","--","--",NA,NA,"--","--","--","--","--","--","--","Subsidy Removal"
"1008","--","--",NA,NA,"--","--","--","--","--","--","--","Subsidy Removal"
"1009","--","--",NA,NA,"--","--","--","--","--","--","--","Subsidy Removal"
"1010","--","--",NA,NA,"--","--","--","--","--","--","--","Subsidy Removal"
"1011","--","--",NA,NA,"--","--","--","--","--","--","--","Subsidy Removal"
"1012","--","--",NA,NA,"--","--","--","--","--","--","--","Subsidy Removal"
"1013","--","--",NA,NA,"--","--","--","--","--","--","--","Subsidy Removal"
"1014","--","--",NA,NA,"--","--","--","--","--","--","--","Subsidy Removal"
"1015","--","--",NA,NA,"--","--","--","--","--","--","--","Subsidy Removal"
"1016","--","--",NA,NA,"--","--","--","--","--","--","--","Subsidy Removal"
"1017","--","--",NA,NA,"--","--","--","--","--","--","--","Subsidy Removal"
"1018","--","--",NA,NA,"--","--","--","--","--","--","--","Subsidy Removal"
"1019","--","--",NA,NA,"--","--","--","--","--","--","--","Subsidy Removal"
"1020","--","--",NA,NA,"--","--","--","--","--","--","--","Subsidy Removal"
"1021","--","--",NA,NA,"--","--","--","--","--","--","--","Subsidy Removal"
"1022","--","--",NA,NA,"--","--","--","--","--","--","--","Subsidy Removal"
"1023","--","--",NA,NA,"--","--","--","--","--","--","--","Subsidy Removal"
"1024","--","--",NA,NA,"--","--","--","--","--","--","--","Subsidy Removal"
"1025","--","--",NA,NA,"--","--","--","--","--","--","--","Subsidy Removal"
"1026","--","--",NA,NA,"--","--","--","--","--","--","--","Subsidy Removal"
"1027","--","--",NA,NA,"--","--","--","--","--","--","--","Subsidy Removal"
"1028","--","--",NA,NA,"--","--","--","--","--","--","--","Subsidy Removal"
"1029","--","--",NA,NA,"--","--","--","--","--","--","--","Subsidy Removal"
"1030","--","--",NA,NA,"--","--","--","--","--","--","--","Subsidy Removal"
"1031","--","--",NA,NA,"--","--","--","--","--","--","--","Subsidy Removal"
"1032","--","--",NA,NA,"--","--","--","--","--","--","--","Subsidy Removal"
"1033","--","--",NA,NA,"--","--","--","--","--","--","--","Subsidy Removal"
"1034","--","--",NA,NA,"--","--","--","--","--","--","--","Subsidy Removal"
"1035","--","--",NA,NA,"--","--","--","--","--","--","--","Subsidy Removal"
"1036","--","--",NA,NA,"--","--","--","--","--","--","--","Subsidy Removal"
"1037","--","--",NA,NA,"--","--","--","--","--","--","--","Subsidy Removal"
"1038","--","--",NA,NA,"--","--","--","--","--","--","--","Subsidy Removal"
"1039","--","--",NA,NA,"--","--","--","--","--","--","--","Subsidy Removal"
"1040","--","--",NA,NA,"--","--","--","--","--","--","--","Subsidy Removal"
"1041","--","--",NA,NA,"--","--","--","--","--","--","--","Subsidy Removal"
"1042","--","--",NA,NA,"--","--","--","--","--","--","--","Subsidy Removal"
"1043","--","--",NA,NA,"--","--","--","--","--","--","--","Subsidy Removal"
"1044","--","--",NA,NA,"--","--","--","--","--","--","--","Subsidy Removal"
"1045","--","--",NA,NA,"--","--","--","--","--","--","--","Subsidy Removal"
"1046","--","--",NA,NA,"--","--","--","--","--","--","--","Subsidy Removal"
"1047","--","--",NA,NA,"--","--","--","--","--","--","--","Subsidy Removal"
"1048","--","--",NA,NA,"--","--","--","--","--","--","--","Subsidy Removal"
"1049","--","--",NA,NA,"--","--","--","--","--","--","--","Subsidy Removal"
"1050","--","--",NA,NA,"--","--","--","--","--","--","--","Subsidy Removal"
"1051","--","--",NA,NA,"--","--","--","--","--","--","--","Subsidy Removal"
"1052","--","--",NA,NA,"--","--","--","--","--","--","--","Subsidy Removal"
"1053","--","--",NA,NA,"--","--","--","--","--","--","--","Subsidy Removal"
"1054","--","--",NA,NA,"--","--","--","--","--","--","--","Subsidy Removal"
"1055","--","--",NA,NA,"--","--","--","--","--","--","--","Subsidy Removal"
"1056","--","--",NA,NA,"--","--","--","--","--","--","--","Subsidy Removal"
"1057","--","--",NA,NA,"--","--","--","--","--","--","--","Subsidy Removal"
"1058","--","--",NA,NA,"--","--","--","--","--","--","--","Subsidy Removal"
"1059","--","--",NA,NA,"--","--","--","--","--","--","--","Subsidy Removal"
"1060","--","--",NA,NA,"--","--","--","--","--","--","--","Subsidy Removal"
"1061","--","--",NA,NA,"--","--","--","--","--","--","--","Subsidy Removal"
"1062","--","--",NA,NA,"--","--","--","--","--","--","--","Subsidy Removal"
"1063","--","--",NA,NA,"--","--","--","--","--","--","--","Subsidy Removal"
"1064","--","--",NA,NA,"--","--","--","--","--","--","--","Subsidy Removal"
"1065","--","--",NA,NA,"--","--","--","--","--","--","--","Subsidy Removal"
"1066","--","--",NA,NA,"--","--","--","--","--","--","--","Subsidy Removal"
"1067","--","--",NA,NA,"--","--","--","--","--","--","--","Subsidy Removal"
"1068","--","--",NA,NA,"--","--","--","--","--","--","--","Subsidy Removal"
"1069","--","--",NA,NA,"--","--","--","--","--","--","--","Subsidy Removal"
"1070","--","--",NA,NA,"--","--","--","--","--","--","--","Subsidy Removal"
"1071","--","--",NA,NA,"--","--","--","--","--","--","--","Subsidy Removal"
"1072","--","--",NA,NA,"--","--","--","--","--","--","--","Subsidy Removal"
"1073","--","--",NA,NA,"--","--","--","--","--","--","--","Subsidy Removal"
"1074","--","--",NA,NA,"--","--","--","--","--","--","--","Subsidy Removal"
"1075","--","--",NA,NA,"--","--","--","--","--","--","--","Subsidy Removal"
"1076","--","--",NA,NA,"--","--","--","--","--","--","--","Subsidy Removal"
"1077","--","--",NA,NA,"--","--","--","--","--","--","--","Subsidy Removal"
"1078","--","--",NA,NA,"--","--","--","--","--","--","--","Subsidy Removal"
"1079","--","--",NA,NA,"--","--","--","--","--","--","--","Subsidy Removal"
"1080","--","--",NA,NA,"--","--","--","--","--","--","--","Subsidy Removal"
"1081","--","--",NA,NA,"--","--","--","--","--","--","--","Subsidy Removal"
"1082","--","--",NA,NA,"--","--","--","--","--","--","--","Subsidy Removal"
"1083","--","--",NA,NA,"--","--","--","--","--","--","--","Subsidy Removal"
"1084","--","--",NA,NA,"--","--","--","--","--","--","--","Subsidy Removal"
"1085","--","--",NA,NA,"--","--","--","--","--","--","--","Subsidy Removal"
"1086","--","--",NA,NA,"--","--","--","--","--","--","--","Subsidy Removal"
"1087","--","--",NA,NA,"--","--","--","--","--","--","--","Subsidy Removal"
"1088","--","--",NA,NA,"--","--","--","--","--","--","--","Subsidy Removal"
"1089","--","--",NA,NA,"--","--","--","--","--","--","--","Subsidy Removal"
"1090","--","--",NA,NA,"--","--","--","--","--","--","--","Subsidy Removal"
"1091","--","--",NA,NA,"--","--","--","--","--","--","--","Subsidy Removal"
"1092","--","--",NA,NA,"--","--","--","--","--","--","--","Subsidy Removal"
"1093","--","--",NA,NA,"--","--","--","--","--","--","--","Subsidy Removal"
"1094","--","--",NA,NA,"--","--","--","--","--","--","--","Subsidy Removal"
"1095","--","--",NA,NA,"--","--","--","--","--","--","--","Subsidy Removal"
"1096","--","--",NA,NA,"--","--","--","--","--","--","--","Subsidy Removal"
"1097","--","--",NA,NA,"--","--","--","--","--","--","--","Subsidy Removal"
"1098","--","--",NA,NA,"--","--","--","--","--","--","--","Subsidy Removal"
"1099","--","--",NA,NA,"--","--","--","--","--","--","--","Subsidy Removal"
"1100","--","--",NA,NA,"--","--","--","--","--","--","--","Subsidy Removal"
"1101","--","--",NA,NA,"--","--","--","--","--","--","--","Subsidy Removal"
"1102","--","--",NA,NA,"--","--","--","--","--","--","--","Subsidy Removal"
"1103","--","--",NA,NA,"--","--","--","--","--","--","--","Subsidy Removal"
"1104","--","--",NA,NA,"--","--","--","--","--","--","--","Subsidy Removal"
"1105","--","--",NA,NA,"--","--","--","--","--","--","--","Subsidy Removal"
"1106","--","--",NA,NA,"--","--","--","--","--","--","--","Subsidy Removal"
"1107","--","--",NA,NA,"--","--","--","--","--","--","--","Subsidy Removal"
"1108","--","--",NA,NA,"--","--","--","--","--","--","--","Subsidy Removal"
"1109","--","--",NA,NA,"--","--","--","--","--","--","--","Subsidy Removal"
"1110","--","--",NA,NA,"--","--","--","--","--","--","--","Subsidy Removal"
"1111","--","--",NA,NA,"--","--","--","--","--","--","--","Subsidy Removal"
"1112","--","--",NA,NA,"--","--","--","--","--","--","--","Subsidy Removal"
"1113","--","--",NA,NA,"--","--","--","--","--","--","--","Subsidy Removal"
"1114","--","--",NA,NA,"--","--","--","--","--","--","--","Subsidy Removal"
"1115","--","--",NA,NA,"--","--","--","--","--","--","--","Subsidy Removal"
"1116","--","--",NA,NA,"--","--","--","--","--","--","--","Subsidy Removal"
"1117","--","--",NA,NA,"--","--","--","--","--","--","--","Subsidy Removal"
"1118","--","--",NA,NA,"--","--","--","--","--","--","--","Subsidy Removal"
"1119","--","--",NA,NA,"--","--","--","--","--","--","--","Subsidy Removal"
"1120","--","--",NA,NA,"--","--","--","--","--","--","--","Subsidy Removal"
"1121","--","--",NA,NA,"--","--","--","--","--","--","--","Subsidy Removal"
"1122","--","--",NA,NA,"--","--","--","--","--","--","--","Subsidy Removal"
"1123","--","--",NA,NA,"--","--","--","--","--","--","--","Subsidy Removal"
"1124","--","--",NA,NA,"--","--","--","--","--","--","--","Subsidy Removal"
"1125","--","--",NA,NA,"--","--","--","--","--","--","--","Subsidy Removal"
"1126","--","--",NA,NA,"--","--","--","--","--","--","--","Subsidy Removal"
"1127","--","--",NA,NA,"--","--","--","--","--","--","--","Subsidy Removal"
"1128","--","--",NA,NA,"--","--","--","--","--","--","--","Subsidy Removal"
"1129","--","--",NA,NA,"--","--","--","--","--","--","--","Subsidy Removal"
"1130","--","--",NA,NA,"--","--","--","--","--","--","--","Subsidy Removal"
"1131","--","--",NA,NA,"--","--","--","--","--","--","--","Subsidy Removal"
"1132","--","--",NA,NA,"--","--","--","--","--","--","--","Subsidy Removal"
"1133","--","--",NA,NA,"--","--","--","--","--","--","--","Subsidy Removal"
"1134","--","--",NA,NA,"--","--","--","--","--","--","--","Subsidy Removal"
"1135","--","--",NA,NA,"--","--","--","--","--","--","--","Subsidy Removal"
"1136","--","--",NA,NA,"--","--","--","--","--","--","--","Subsidy Removal"
"1137","--","--",NA,NA,"--","--","--","--","--","--","--","Subsidy Removal"
"1138","--","--",NA,NA,"--","--","--","--","--","--","--","Subsidy Removal"
"1139","--","--",NA,NA,"--","--","--","--","--","--","--","Subsidy Removal"
"1140","--","--",NA,NA,"--","--","--","--","--","--","--","Subsidy Removal"
"1141","--","--",NA,NA,"--","--","--","--","--","--","--","Subsidy Removal"
"1142","--","--",NA,NA,"--","--","--","--","--","--","--","Subsidy Removal"
"1143","--","--",NA,NA,"--","--","--","--","--","--","--","Subsidy Removal"
"1144","--","--",NA,NA,"--","--","--","--","--","--","--","Subsidy Removal"
"1145","--","--",NA,NA,"--","--","--","--","--","--","--","Subsidy Removal"
"1146","--","--",NA,NA,"--","--","--","--","--","--","--","Subsidy Removal"
"1147","--","--",NA,NA,"--","--","--","--","--","--","--","Subsidy Removal"
"1148","--","--",NA,NA,"--","--","--","--","--","--","--","Subsidy Removal"
"1149","--","--",NA,NA,"--","--","--","--","--","--","--","Subsidy Removal"
"1150","--","--",NA,NA,"--","--","--","--","--","--","--","Subsidy Removal"
"1151","--","--",NA,NA,"--","--","--","--","--","--","--","Subsidy Removal"
"1152","--","--",NA,NA,"--","--","--","--","--","--","--","Subsidy Removal"
"1153","--","--",NA,NA,"--","--","--","--","--","--","--","Subsidy Removal"
"1154","--","--",NA,NA,"--","--","--","--","--","--","--","Subsidy Removal"
"1155","--","--",NA,NA,"--","--","--","--","--","--","--","Subsidy Removal"
"1156","--","--",NA,NA,"--","--","--","--","--","--","--","Subsidy Removal"
"1157","--","--",NA,NA,"--","--","--","--","--","--","--","Subsidy Removal"
"1158","--","--",NA,NA,"--","--","--","--","--","--","--","Subsidy Removal"
"1159","--","--",NA,NA,"--","--","--","--","--","--","--","Subsidy Removal"
"1160","--","--",NA,NA,"--","--","--","--","--","--","--","Subsidy Removal"
"1161","--","--",NA,NA,"--","--","--","--","--","--","--","Subsidy Removal"
"1162","--","--",NA,NA,"--","--","--","--","--","--","--","Subsidy Removal"
"1163","--","--",NA,NA,"--","--","--","--","--","--","--","Subsidy Removal"
"1164","--","--",NA,NA,"--","--","--","--","--","--","--","Subsidy Removal"
"1165","--","--",NA,NA,"--","--","--","--","--","--","--","Subsidy Removal"
"1166","--","--",NA,NA,"--","--","--","--","--","--","--","Subsidy Removal"
"1167","--","--",NA,NA,"--","--","--","--","--","--","--","Subsidy Removal"
"1168","--","--",NA,NA,"--","--","--","--","--","--","--","Subsidy Removal"
"1169","--","--",NA,NA,"--","--","--","--","--","--","--","Subsidy Removal"
"1170","--","--",NA,NA,"--","--","--","--","--","--","--","Subsidy Removal"
"1171","--","--",NA,NA,"--","--","--","--","--","--","--","Subsidy Removal"
"1172","--","--",NA,NA,"--","--","--","--","--","--","--","Subsidy Removal"
"1173","--","--",NA,NA,"--","--","--","--","--","--","--","Subsidy Removal"
"1174","--","--",NA,NA,"--","--","--","--","--","--","--","Subsidy Removal"
"1175","--","--",NA,NA,"--","--","--","--","--","--","--","Subsidy Removal"
"1176","--","--",NA,NA,"--","--","--","--","--","--","--","Subsidy Removal"
"1177","--","--",NA,NA,"--","--","--","--","--","--","--","Subsidy Removal"
"1178","--","--",NA,NA,"--","--","--","--","--","--","--","Subsidy Removal"
"1179","--","--",NA,NA,"--","--","--","--","--","--","--","Subsidy Removal"
"1180","--","--",NA,NA,"--","--","--","--","--","--","--","Subsidy Removal"
"1181","--","--",NA,NA,"--","--","--","--","--","--","--","Subsidy Removal"
"1182","--","--",NA,NA,"--","--","--","--","--","--","--","Subsidy Removal"
"1183","--","--",NA,NA,"--","--","--","--","--","--","--","Subsidy Removal"
"1184","--","--",NA,NA,"--","--","--","--","--","--","--","Subsidy Removal"
"1185","--","--",NA,NA,"--","--","--","--","--","--","--","Subsidy Removal"
"1186","--","--",NA,NA,"--","--","--","--","--","--","--","Subsidy Removal"
"1187","--","--",NA,NA,"--","--","--","--","--","--","--","Subsidy Removal"
"1188","--","--",NA,NA,"--","--","--","--","--","--","--","Subsidy Removal"
"1189","--","--",NA,NA,"--","--","--","--","--","--","--","Subsidy Removal"
"1190","--","--",NA,NA,"--","--","--","--","--","--","--","Subsidy Removal"
"1191","--","--",NA,NA,"--","--","--","--","--","--","--","Subsidy Removal"
"1192","--","--",NA,NA,"--","--","--","--","--","--","--","Subsidy Removal"
"1193","--","--",NA,NA,"--","--","--","--","--","--","--","Subsidy Removal"
"1194","--","--",NA,NA,"--","--","--","--","--","--","--","Subsidy Removal"
"1195","--","--",NA,NA,"--","--","--","--","--","--","--","Subsidy Removal"
"1196","--","--",NA,NA,"--","--","--","--","--","--","--","Subsidy Removal"
"1197","--","--",NA,NA,"--","--","--","--","--","--","--","Subsidy Removal"
"1198","--","--",NA,NA,"--","--","--","--","--","--","--","Subsidy Removal"
"1199","--","--",NA,NA,"--","--","--","--","--","--","--","Subsidy Removal"
"1200","--","--",NA,NA,"--","--","--","--","--","--","--","Subsidy Removal"
"1201","--","--",NA,NA,"--","--","--","--","--","--","--","Subsidy Removal"
"1202","--","--",NA,NA,"--","--","--","--","--","--","--","Subsidy Removal"
"1203","--","--",NA,NA,"--","--","--","--","--","--","--","Subsidy Removal"
"1204","--","--",NA,NA,"--","--","--","--","--","--","--","Subsidy Removal"
"1205","--","--",NA,NA,"--","--","--","--","--","--","--","Subsidy Removal"
"1206","--","--",NA,NA,"--","--","--","--","--","--","--","Subsidy Removal"
"1207","--","--",NA,NA,"--","--","--","--","--","--","--","Subsidy Removal"
"1208","--","--",NA,NA,"--","--","--","--","--","--","--","Subsidy Removal"
"1209","--","--",NA,NA,"--","--","--","--","--","--","--","Subsidy Removal"
"1210","--","--",NA,NA,"--","--","--","--","--","--","--","Subsidy Removal"
"1211","--","--",NA,NA,"--","--","--","--","--","--","--","Subsidy Removal"
"1212","--","--",NA,NA,"--","--","--","--","--","--","--","Subsidy Removal"
"1213","--","--",NA,NA,"--","--","--","--","--","--","--","Subsidy Removal"
"1214","--","--",NA,NA,"--","--","--","--","--","--","--","Subsidy Removal"
"1215","--","--",NA,NA,"--","--","--","--","--","--","--","Subsidy Removal"
"1216","--","--",NA,NA,"--","--","--","--","--","--","--","Subsidy Removal"
"1217","--","--",NA,NA,"--","--","--","--","--","--","--","Subsidy Removal"
"1218","--","--",NA,NA,"--","--","--","--","--","--","--","Subsidy Removal"
"1219","--","--",NA,NA,"--","--","--","--","--","--","--","Subsidy Removal"
"1220","--","--",NA,NA,"--","--","--","--","--","--","--","Subsidy Removal"
"1221","--","--",NA,NA,"--","--","--","--","--","--","--","Subsidy Removal"
"1222","--","--",NA,NA,"--","--","--","--","--","--","--","Subsidy Removal"
"1223","--","--",NA,NA,"--","--","--","--","--","--","--","Subsidy Removal"
"1224","--","--",NA,NA,"--","--","--","--","--","--","--","Subsidy Removal"
"1225","--","--",NA,NA,"--","--","--","--","--","--","--","Subsidy Removal"
"1226","--","--",NA,NA,"--","--","--","--","--","--","--","Subsidy Removal"
"1227","--","--",NA,NA,"--","--","--","--","--","--","--","Subsidy Removal"
"1228","--","--",NA,NA,"--","--","--","--","--","--","--","Subsidy Removal"
"1229","--","--",NA,NA,"--","--","--","--","--","--","--","Subsidy Removal"
"1230","--","--",NA,NA,"--","--","--","--","--","--","--","Subsidy Removal"
"1231","--","--",NA,NA,"--","--","--","--","--","--","--","Subsidy Removal"
"1232","--","--",NA,NA,"--","--","--","--","--","--","--","Subsidy Removal"
"1233","--","--",NA,NA,"--","--","--","--","--","--","--","Subsidy Removal"
"1234","--","--",NA,NA,"--","--","--","--","--","--","--","Subsidy Removal"
"1235","--","--",NA,NA,"--","--","--","--","--","--","--","Subsidy Removal"
"1236","--","--",NA,NA,"--","--","--","--","--","--","--","Subsidy Removal"
"1237","--","--",NA,NA,"--","--","--","--","--","--","--","Subsidy Removal"
"1238","--","--",NA,NA,"--","--","--","--","--","--","--","Subsidy Removal"
"1239","--","--",NA,NA,"--","--","--","--","--","--","--","Subsidy Removal"
"1240","--","--",NA,NA,"--","--","--","--","--","--","--","Subsidy Removal"
"1241","--","--",NA,NA,"--","--","--","--","--","--","--","Subsidy Removal"
"1242","--","--",NA,NA,"--","--","--","--","--","--","--","Subsidy Removal"
"1243","--","--",NA,NA,"--","--","--","--","--","--","--","Subsidy Removal"
"1244","--","--",NA,NA,"--","--","--","--","--","--","--","Subsidy Removal"
"1245","--","--",NA,NA,"--","--","--","--","--","--","--","Subsidy Removal"
"1246","--","--",NA,NA,"--","--","--","--","--","--","--","Subsidy Removal"
"1247","--","--",NA,NA,"--","--","--","--","--","--","--","Subsidy Removal"
"1248","--","--",NA,NA,"--","--","--","--","--","--","--","Subsidy Removal"
"1249","--","--",NA,NA,"--","--","--","--","--","--","--","Subsidy Removal"
"1250","--","--",NA,NA,"--","--","--","--","--","--","--","Subsidy Removal"
"1251","--","--",NA,NA,"--","--","--","--","--","--","--","Subsidy Removal"
"1252","--","--",NA,NA,"--","--","--","--","--","--","--","Subsidy Removal"
"1253","--","--",NA,NA,"--","--","--","--","--","--","--","Subsidy Removal"
"1254","--","--",NA,NA,"--","--","--","--","--","--","--","Subsidy Removal"
"1255","--","--",NA,NA,"--","--","--","--","--","--","--","Subsidy Removal"
"1256","--","--",NA,NA,"--","--","--","--","--","--","--","Subsidy Removal"
"1257","--","--",NA,NA,"--","--","--","--","--","--","--","Subsidy Removal"
"1258","--","--",NA,NA,"--","--","--","--","--","--","--","Subsidy Removal"
"1259","--","--",NA,NA,"--","--","--","--","--","--","--","Subsidy Removal"
"1260","--","--",NA,NA,"--","--","--","--","--","--","--","Subsidy Removal"
"1261","--","--",NA,NA,"--","--","--","--","--","--","--","Subsidy Removal"
"1262","--","--",NA,NA,"--","--","--","--","--","--","--","Subsidy Removal"
"1263","--","--",NA,NA,"--","--","--","--","--","--","--","Subsidy Removal"
"1264","--","--",NA,NA,"--","--","--","--","--","--","--","Subsidy Removal"
"1265","--","--",NA,NA,"--","--","--","--","--","--","--","Subsidy Removal"
"1266","--","--",NA,NA,"--","--","--","--","--","--","--","Subsidy Removal"
"1267","--","--",NA,NA,"--","--","--","--","--","--","--","Subsidy Removal"
"1268","--","--",NA,NA,"--","--","--","--","--","--","--","Subsidy Removal"
"1269","--","--",NA,NA,"--","--","--","--","--","--","--","Subsidy Removal"
"1270","--","--",NA,NA,"--","--","--","--","--","--","--","Subsidy Removal"
"1271","--","--",NA,NA,"--","--","--","--","--","--","--","Subsidy Removal"
"1272","--","--",NA,NA,"--","--","--","--","--","--","--","Subsidy Removal"
"1273","--","--",NA,NA,"--","--","--","--","--","--","--","Subsidy Removal"
"1274","--","--",NA,NA,"--","--","--","--","--","--","--","Subsidy Removal"
"1275","--","--",NA,NA,"--","--","--","--","--","--","--","Subsidy Removal"
"1276","--","--",NA,NA,"--","--","--","--","--","--","--","Subsidy Removal"
"1277","--","--",NA,NA,"--","--","--","--","--","--","--","Subsidy Removal"
"1278","--","--",NA,NA,"--","--","--","--","--","--","--","Subsidy Removal"
"1279","--","--",NA,NA,"--","--","--","--","--","--","--","Subsidy Removal"
"1280","--","--",NA,NA,"--","--","--","--","--","--","--","Subsidy Removal"
"1281","--","--",NA,NA,"--","--","--","--","--","--","--","Subsidy Removal"
"1282","--","--",NA,NA,"--","--","--","--","--","--","--","Subsidy Removal"
"1283","--","--",NA,NA,"--","--","--","--","--","--","--","Subsidy Removal"
"1284","--","--",NA,NA,"--","--","--","--","--","--","--","Subsidy Removal"
"1285","--","--",NA,NA,"--","--","--","--","--","--","--","Subsidy Removal"
"1286","--","--",NA,NA,"--","--","--","--","--","--","--","Subsidy Removal"
"1287","--","--",NA,NA,"--","--","--","--","--","--","--","Subsidy Removal"
"1288","--","--",NA,NA,"--","--","--","--","--","--","--","Subsidy Removal"
"1289","--","--",NA,NA,"--","--","--","--","--","--","--","Subsidy Removal"
"1290","--","--",NA,NA,"--","--","--","--","--","--","--","Subsidy Removal"
"1291","--","--",NA,NA,"--","--","--","--","--","--","--","Subsidy Removal"
"1292","--","--",NA,NA,"--","--","--","--","--","--","--","Subsidy Removal"
"1293","--","--",NA,NA,"--","--","--","--","--","--","--","Subsidy Removal"
"1294","--","--",NA,NA,"--","--","--","--","--","--","--","Subsidy Removal"
"1295","--","--",NA,NA,"--","--","--","--","--","--","--","Subsidy Removal"
"1296","--","--",NA,NA,"--","--","--","--","--","--","--","Subsidy Removal"
"1297","--","--",NA,NA,"--","--","--","--","--","--","--","Subsidy Removal"
"1298","--","--",NA,NA,"--","--","--","--","--","--","--","Subsidy Removal"
"1299","--","--",NA,NA,"--","--","--","--","--","--","--","Subsidy Removal"
"1300","--","--",NA,NA,"--","--","--","--","--","--","--","Subsidy Removal"
"1301","--","--",NA,NA,"--","--","--","--","--","--","--","Subsidy Removal"
"1302","--","--",NA,NA,"--","--","--","--","--","--","--","Subsidy Removal"
"1303","--","--",NA,NA,"--","--","--","--","--","--","--","Subsidy Removal"
"1304","--","--",NA,NA,"--","--","--","--","--","--","--","Subsidy Removal"
"1305","--","--",NA,NA,"--","--","--","--","--","--","--","Subsidy Removal"
"1306","--","--",NA,NA,"--","--","--","--","--","--","--","Subsidy Removal"
"1307","--","--",NA,NA,"--","--","--","--","--","--","--","Subsidy Removal"
"1308","--","--",NA,NA,"--","--","--","--","--","--","--","Subsidy Removal"
"1309","--","--",NA,NA,"--","--","--","--","--","--","--","Subsidy Removal"
"1310","--","--",NA,NA,"--","--","--","--","--","--","--","Subsidy Removal"
"1311","--","--",NA,NA,"--","--","--","--","--","--","--","Subsidy Removal"
"1312","--","--",NA,NA,"--","--","--","--","--","--","--","Subsidy Removal"
"1313","--","--",NA,NA,"--","--","--","--","--","--","--","Subsidy Removal"
